date,temp_max,temp_min
2015-01-01,21.3,12.0
2015-01-02,17.2,14.2
2015-01-03,17.9,14.0
2015-01-04,19.1,10.9
2015-01-05,20.7,9.6
2015-01-06,20.6,10.5
2015-01-07,18.1,10.0
2015-01-08,19.6,6.9
2015-01-09,18.7,6.3
2015-01-10,18.1,7.4
2015-01-11,18.1,6.9
2015-01-12,17.7,6.0
2015-01-13,17.6,6.6
2015-01-14,16.8,10.1
2015-01-15,18.3,7.7
2015-01-16,19.5,7.7
2015-01-17,20.3,8.1
2015-01-18,20.4,7.7
2015-01-19,19.7,6.2
2015-01-20,19.2,6.3
2015-01-21,16.3,9.9
2015-01-22,15.6,11.2
2015-01-23,17.9,11.1
2015-01-24,17.4,10.9
2015-01-25,17.5,9.2
2015-01-26,18.1,8.1
2015-01-27,17.7,8.9
2015-01-28,17.2,6.9
2015-01-29,17.8,4.8
2015-01-30,18.7,5.4
2015-01-31,19.9,7.7
2015-02-01,20.7,7.0
2015-02-02,21.7,11.0
2015-02-03,21.9,13.3
2015-02-04,19.9,10.0
2015-02-05,20.5,9.2
2015-02-06,20.7,7.1
2015-02-07,22.1,7.8
2015-02-08,22.3,9.8
2015-02-09,23.1,10.0
2015-02-10,22.1,9.5
2015-02-11,22.0,7.9
2015-02-12,22.1,8.6
2015-02-13,24.3,9.7
2015-02-14,26.5,11.4
2015-02-15,25.4,11.2
2015-02-16,26.2,13.9
2015-02-17,26.5,15.8
2015-02-18,26.1,15.6
2015-02-19,26.7,14.4
2015-02-20,27.0,17.0
2015-02-21,26.5,15.0
2015-02-22,27.1,15.4
2015-02-23,26.4,13.5
2015-02-24,27.2,14.3
2015-02-25,27.2,16.8
2015-02-26,24.5,13.7
2015-02-27,23.6,12.1
2015-02-28,25.4,11.4
2015-03-01,19.3,16.1
2015-03-02,19.5,14.4
2015-03-03,19.6,12.6
2015-03-04,21.6,9.7
2015-03-05,23.7,9.0
2015-03-06,24.9,12.6
2015-03-07,25.5,11.7
2015-03-08,24.0,14.2
2015-03-09,22.4,11.8
2015-03-10,23.1,9.6
2015-03-11,24.7,10.6
2015-03-12,26.5,10.1
2015-03-13,25.9,13.9
2015-03-14,26.1,14.3
2015-03-15,22.5,16.0
2015-03-16,22.7,15.2
2015-03-17,25.1,14.2
2015-03-18,24.7,13.6
2015-03-19,26.3,12.2
2015-03-20,27.8,12.4
2015-03-21,29.2,14.8
2015-03-22,30.2,16.8
2015-03-23,31.1,17.6
2015-03-24,32.2,15.6
2015-03-25,32.5,17.2
2015-03-26,33.6,20.2
2015-03-27,33.8,21.8
2015-03-28,34.1,16.4
2015-03-29,32.2,20.7
2015-03-30,27.1,19.5
2015-03-31,28.0,17.4
2015-04-01,30.8,17.9
2015-04-02,33.3,19.2
2015-04-03,30.1,19.1
2015-04-04,25.1,18.6
2015-04-05,28.5,15.5
2015-04-06,30.0,16.2
2015-04-07,27.7,16.9
2015-04-08,30.0,16.6
2015-04-09,31.0,17.0
2015-04-10,33.0,17.7
2015-04-11,34.1,18.2
2015-04-12,29.2,20.2
2015-04-13,29.2,18.9
2015-04-14,29.7,19.1
2015-04-15,31.6,19.3
2015-04-16,31.4,20.5
2015-04-17,34.9,19.7
2015-04-18,37.1,21.0
2015-04-19,39.4,21.2
2015-04-20,38.7,24.6
2015-04-21,38.6,22.4
2015-04-22,38.2,22.1
2015-04-23,38.7,21.6
2015-04-24,39.3,22.4
2015-04-25,37.0,23.5
2015-04-26,34.4,23.2
2015-04-27,36.5,23.8
2015-04-28,37.2,24.1
2015-04-29,36.6,23.2
2015-04-30,38.1,22.8
2015-05-01,36.5,24.1
2015-05-02,37.3,22.0
2015-05-03,38.0,21.0
2015-05-04,38.9,20.9
2015-05-05,40.0,20.9
2015-05-06,42.5,22.4
2015-05-07,42.7,24.1
2015-05-08,42.1,26.7
2015-05-09,40.8,26.8
2015-05-10,41.7,25.1
2015-05-11,39.6,25.4
2015-05-12,36.3,25.8
2015-05-13,35.7,26.1
2015-05-14,35.8,24.3
2015-05-15,36.6,24.4
2015-05-16,35.9,23.3
2015-05-17,37.9,24.7
2015-05-18,41.2,27.6
2015-05-19,41.5,26.8
2015-05-20,40.3,26.3
2015-05-21,41.7,24.6
2015-05-22,42.6,26.2
2015-05-23,43.2,25.5
2015-05-24,42.8,27.1
2015-05-25,44.1,26.2
2015-05-26,44.0,27.7
2015-05-27,41.8,26.1
2015-05-28,41.2,25.1
2015-05-29,41.7,27.0
2015-05-30,41.5,27.7
2015-05-31,41.5,26.9
2015-06-01,39.8,25.9
2015-06-02,37.8,27.2
2015-06-03,37.9,25.4
2015-06-04,37.5,24.4
2015-06-05,37.9,27.2
2015-06-06,39.0,26.6
2015-06-07,40.4,26.2
2015-06-08,42.5,27.0
2015-06-09,42.6,29.5
2015-06-10,41.4,30.8
2015-06-11,40.2,30.8
2015-06-12,40.6,29.9
2015-06-13,40.1,30.2
2015-06-14,32.9,25.6
2015-06-15,33.9,23.8
2015-06-16,36.5,27.1
2015-06-17,37.6,27.8
2015-06-18,39.1,28.6
2015-06-19,39.2,29.4
2015-06-20,37.2,28.8
2015-06-21,36.4,28.9
2015-06-22,36.9,26.7
2015-06-23,38.2,28.6
2015-06-24,36.4,26.6
2015-06-25,27.2,25.2
2015-06-26,34.7,24.6
2015-06-27,35.9,27.6
2015-06-28,37.2,28.1
2015-06-29,33.8,27.0
2015-06-30,32.9,25.8
2015-07-01,34.8,25.6
2015-07-02,36.0,26.7
2015-07-03,37.2,28.1
2015-07-04,35.8,27.1
2015-07-05,37.3,27.5
2015-07-06,32.6,25.9
2015-07-07,31.5,24.9
2015-07-08,31.9,25.4
2015-07-09,31.8,25.7
2015-07-10,28.2,25.6
2015-07-11,28.0,23.9
2015-07-12,26.9,24.1
2015-07-13,32.0,24.0
2015-07-14,32.9,26.2
2015-07-15,34.8,27.4
2015-07-16,34.3,26.5
2015-07-17,31.3,26.2
2015-07-18,32.7,26.4
2015-07-19,32.3,26.3
2015-07-20,30.8,25.5
2015-07-21,32.1,26.0
2015-07-22,31.9,26.9
2015-07-23,32.1,27.2
2015-07-24,31.5,26.8
2015-07-25,32.1,26.1
2015-07-26,31.0,26.4
2015-07-27,30.7,24.3
2015-07-28,31.1,24.7
2015-07-29,29.6,24.9
2015-07-30,30.2,25.2
2015-07-31,30.4,25.7
2015-08-01,29.4,25.4
2015-08-02,31.2,25.5
2015-08-03,33.0,25.7
2015-08-04,33.0,25.7
2015-08-05,32.3,25.7
2015-08-06,32.0,26.1
2015-08-07,32.2,25.9
2015-08-08,27.5,24.7
2015-08-09,28.4,24.4
2015-08-10,31.2,25.5
2015-08-11,29.4,25.6
2015-08-12,31.7,25.8
2015-08-13,33.1,26.2
2015-08-14,32.0,26.0
2015-08-15,30.4,26.3
2015-08-16,29.9,25.4
2015-08-17,32.7,25.1
2015-08-18,33.6,26.0
2015-08-19,33.0,25.8
2015-08-20,32.0,26.7
2015-08-21,31.8,25.7
2015-08-22,31.3,25.2
2015-08-23,32.5,24.5
2015-08-24,32.9,25.4
2015-08-25,33.7,26.4
2015-08-26,33.9,26.6
2015-08-27,33.3,26.3
2015-08-28,33.4,25.1
2015-08-29,33.9,26.5
2015-08-30,34.3,26.1
2015-08-31,34.3,26.4
2015-09-01,34.5,25.6
2015-09-02,33.8,25.5
2015-09-03,34.4,25.2
2015-09-04,34.8,24.0
2015-09-05,34.8,23.2
2015-09-06,34.8,23.3
2015-09-07,34.7,24.2
2015-09-08,35.1,23.0
2015-09-09,35.4,23.8
2015-09-10,35.9,22.1
2015-09-11,35.4,21.9
2015-09-12,34.9,22.6
2015-09-13,35.4,25.1
2015-09-14,36.3,24.1
2015-09-15,35.5,24.5
2015-09-16,35.0,25.7
2015-09-17,34.4,24.7
2015-09-18,33.4,26.7
2015-09-19,32.5,24.6
2015-09-20,33.7,26.1
2015-09-21,32.0,25.3
2015-09-22,32.1,25.2
2015-09-23,30.5,24.0
2015-09-24,31.2,23.9
2015-09-25,31.3,22.4
2015-09-26,32.5,22.3
2015-09-27,33.2,22.4
2015-09-28,32.5,21.5
2015-09-29,33.0,19.9
2015-09-30,33.2,20.4
2015-10-01,33.2,19.6
2015-10-02,34.1,18.4
2015-10-03,35.0,19.7
2015-10-04,35.5,20.2
2015-10-05,35.3,20.5
2015-10-06,34.9,20.6
2015-10-07,34.5,22.1
2015-10-08,34.9,22.3
2015-10-09,35.6,21.0
2015-10-10,36.3,21.3
2015-10-11,35.5,22.1
2015-10-12,34.0,21.2
2015-10-13,32.7,23.6
2015-10-14,32.9,22.3
2015-10-15,32.1,21.3
2015-10-16,32.9,21.8
2015-10-17,33.4,21.5
2015-10-18,33.1,22.4
2015-10-19,34.1,21.9
2015-10-20,34.0,21.3
2015-10-21,32.6,20.3
2015-10-22,31.8,18.3
2015-10-23,31.6,17.0
2015-10-24,31.5,18.8
2015-10-25,32.0,19.9
2015-10-26,30.8,19.4
2015-10-27,29.9,18.2
2015-10-28,27.4,17.0
2015-10-29,26.5,14.9
2015-10-30,27.6,15.5
2015-10-31,28.2,16.2
2015-11-01,29.2,18.1
2015-11-02,29.2,17.0
2015-11-03,28.4,17.9
2015-11-04,28.8,17.6
2015-11-05,27.7,19.6
2015-11-06,27.7,19.3
2015-11-07,27.9,17.3
2015-11-08,28.4,18.3
2015-11-09,28.5,17.6
2015-11-10,28.9,17.6
2015-11-11,28.5,17.0
2015-11-12,28.7,16.9
2015-11-13,29.6,16.4
2015-11-14,29.7,17.9
2015-11-15,29.5,16.1
2015-11-16,28.7,18.2
2015-11-17,27.5,14.6
2015-11-18,26.9,11.3
2015-11-19,26.7,12.1
2015-11-20,26.6,12.2
2015-11-21,26.5,12.2
2015-11-22,26.5,12.2
2015-11-23,26.6,11.4
2015-11-24,27.3,12.5
2015-11-25,27.6,14.2
2015-11-26,27.1,12.6
2015-11-27,24.6,13.7
2015-11-28,24.8,16.4
2015-11-29,26.1,13.5
2015-11-30,27.0,16.1
2015-12-01,26.8,15.5
2015-12-02,25.1,15.7
2015-12-03,24.6,12.4
2015-12-04,25.5,13.1
2015-12-05,25.2,11.0
2015-12-06,25.1,12.3
2015-12-07,24.7,12.0
2015-12-08,25.3,13.9
2015-12-09,23.9,12.8
2015-12-10,25.4,14.2
2015-12-11,23.1,13.2
2015-12-12,19.8,10.0
2015-12-13,19.8,9.2
2015-12-14,20.2,8.4
2015-12-15,21.0,8.1
2015-12-16,20.2,5.4
2015-12-17,20.0,6.3
2015-12-18,20.5,7.3
2015-12-19,20.5,7.5
2015-12-20,20.0,7.4
2015-12-21,19.6,6.3
2015-12-22,19.8,7.3
2015-12-23,19.5,6.2
2015-12-24,19.0,8.1
2015-12-25,19.3,6.1
2015-12-26,21.1,7.8
2015-12-27,22.2,9.3
2015-12-28,23.7,12.2
2015-12-29,23.4,12.2
2015-12-30,23.9,10.0
2015-12-31,23.1,8.7
2016-01-01,22.3,9.3
2016-01-02,22.0,7.3
2016-01-03,22.6,8.7
2016-01-04,22.9,8.4
2016-01-05,24.5,12.5
2016-01-06,24.2,13.0
2016-01-07,24.1,11.8
2016-01-08,23.1,12.2
2016-01-09,21.8,10.7
2016-01-10,22.5,9.1
2016-01-11,23.0,9.9
2016-01-12,23.9,10.2
2016-01-13,21.8,10.9
2016-01-14,19.3,9.6
2016-01-15,18.8,8.5
2016-01-16,18.7,8.8
2016-01-17,18.4,7.6
2016-01-18,18.5,7.1
2016-01-19,18.6,7.1
2016-01-20,17.5,7.2
2016-01-21,17.8,6.0
2016-01-22,18.2,4.8
2016-01-23,19.4,5.9
2016-01-24,18.7,6.5
2016-01-25,17.1,5.0
2016-01-26,19.6,7.2
2016-01-27,22.2,10.3
2016-01-28,22.6,9.4
2016-01-29,24.0,11.4
2016-01-30,25.5,13.7
2016-01-31,22.1,12.8
2016-02-01,22.1,9.7
2016-02-02,20.9,7.4
2016-02-03,21.5,8.3
2016-02-04,22.3,8.3
2016-02-05,22.8,6.9
2016-02-06,23.1,7.1
2016-02-07,19.6,12.1
2016-02-08,21.7,8.6
2016-02-09,22.9,9.5
2016-02-10,23.4,9.1
2016-02-11,24.7,12.2
2016-02-12,24.2,9.4
2016-02-13,22.0,11.8
2016-02-14,23.6,9.3
2016-02-15,22.3,9.4
2016-02-16,23.3,8.9
2016-02-17,25.6,11.0
2016-02-18,27.0,14.7
2016-02-19,28.8,17.0
2016-02-20,25.9,18.1
2016-02-21,25.4,14.6
2016-02-22,26.1,13.0
2016-02-23,26.9,12.4
2016-02-24,26.7,11.3
2016-02-25,27.3,11.4
2016-02-26,27.4,13.7
2016-02-27,27.3,12.1
2016-02-28,28.0,14.9
2016-02-29,28.0,15.0
2016-03-01,28.6,16.1
2016-03-02,30.5,15.6
2016-03-03,31.4,15.9
2016-03-04,31.9,16.2
2016-03-05,29.8,17.0
2016-03-06,25.9,16.0
2016-03-07,27.7,15.0
2016-03-08,27.6,16.3
2016-03-09,28.0,14.9
2016-03-10,29.7,15.1
2016-03-11,30.9,18.0
2016-03-12,28.4,17.5
2016-03-13,27.2,16.3
2016-03-14,25.1,16.2
2016-03-15,27.3,14.4
2016-03-16,27.6,14.0
2016-03-17,29.8,16.3
2016-03-18,29.3,18.6
2016-03-19,30.7,17.7
2016-03-20,31.4,18.1
2016-03-21,30.5,17.5
2016-03-22,29.8,16.2
2016-03-23,31.9,16.2
2016-03-24,33.4,16.3
2016-03-25,34.7,17.1
2016-03-26,32.3,18.7
2016-03-27,31.7,18.4
2016-03-28,31.7,16.6
2016-03-29,32.0,18.1
2016-03-30,34.4,17.9
2016-03-31,36.3,19.2
2016-04-01,36.5,21.9
2016-04-02,37.6,21.4
2016-04-03,38.5,24.3
2016-04-04,37.1,23.3
2016-04-05,35.9,21.5
2016-04-06,35.1,22.5
2016-04-07,34.8,19.8
2016-04-08,34.8,17.8
2016-04-09,36.3,20.2
2016-04-10,36.3,24.0
2016-04-11,34.9,21.2
2016-04-12,34.5,21.2
2016-04-13,36.7,22.7
2016-04-14,38.5,22.7
2016-04-15,39.8,22.4
2016-04-16,41.0,24.5
2016-04-17,39.7,26.5
2016-04-18,38.5,26.3
2016-04-19,37.8,25.7
2016-04-20,38.8,23.7
2016-04-21,38.9,24.9
2016-04-22,38.6,24.3
2016-04-23,36.7,22.6
2016-04-24,37.1,19.2
2016-04-25,38.1,21.0
2016-04-26,38.5,21.5
2016-04-27,39.7,22.0
2016-04-28,39.6,22.1
2016-04-29,39.4,22.3
2016-04-30,39.9,21.0
2016-05-01,41.2,23.3
2016-05-02,42.5,24.9
2016-05-03,38.0,27.5
2016-05-04,38.9,24.8
2016-05-05,34.6,24.8
2016-05-06,34.1,23.6
2016-05-07,36.0,24.6
2016-05-08,37.2,25.4
2016-05-09,38.8,26.2
2016-05-10,38.0,26.6
2016-05-11,37.0,26.6
2016-05-12,39.0,25.4
2016-05-13,41.0,27.9
2016-05-14,41.2,27.4
2016-05-15,42.3,26.6
2016-05-16,42.7,26.6
2016-05-17,42.7,26.3
2016-05-18,43.1,25.6
2016-05-19,41.6,27.7
2016-05-20,40.2,29.4
2016-05-21,41.1,27.3
2016-05-22,42.1,28.2
2016-05-23,40.9,26.1
2016-05-24,38.0,26.5
2016-05-25,39.4,25.2
2016-05-26,39.8,25.4
2016-05-27,40.9,28.5
2016-05-28,40.4,28.9
2016-05-29,36.2,26.9
2016-05-30,33.0,24.0
2016-05-31,38.1,25.1
2016-06-01,40.2,27.0
2016-06-02,41.0,28.1
2016-06-03,41.8,26.5
2016-06-04,42.4,27.7
2016-06-05,40.8,29.0
2016-06-06,40.0,29.3
2016-06-07,39.6,29.2
2016-06-08,40.5,28.9
2016-06-09,40.2,28.7
2016-06-10,41.6,29.2
2016-06-11,39.4,28.9
2016-06-12,38.9,27.0
2016-06-13,40.2,29.3
2016-06-14,37.5,26.9
2016-06-15,36.7,28.5
2016-06-16,36.8,28.0
2016-06-17,37.5,27.1
2016-06-18,36.4,26.4
2016-06-19,36.3,28.9
2016-06-20,36.5,29.2
2016-06-21,36.2,27.7
2016-06-22,35.2,26.7
2016-06-23,37.7,27.8
2016-06-24,38.8,28.6
2016-06-25,38.9,29.9
2016-06-26,36.5,27.3
2016-06-27,37.0,27.0
2016-06-28,34.2,26.2
2016-06-29,36.1,27.1
2016-06-30,37.8,27.9
2016-07-01,36.0,27.2
2016-07-02,30.7,26.0
2016-07-03,30.2,25.4
2016-07-04,32.7,25.3
2016-07-05,34.7,26.9
2016-07-06,33.4,27.1
2016-07-07,33.5,26.6
2016-07-08,34.4,27.1
2016-07-09,34.5,27.4
2016-07-10,34.4,27.6
2016-07-11,33.0,26.8
2016-07-12,32.0,26.0
2016-07-13,33.0,26.9
2016-07-14,32.7,27.1
2016-07-15,32.1,25.6
2016-07-16,27.4,25.8
2016-07-17,26.8,25.4
2016-07-18,32.8,25.0
2016-07-19,34.1,25.8
2016-07-20,34.8,27.4
2016-07-21,35.3,28.4
2016-07-22,34.6,26.9
2016-07-23,32.0,26.9
2016-07-24,32.3,25.7
2016-07-25,33.1,25.5
2016-07-26,31.3,26.0
2016-07-27,29.5,25.7
2016-07-28,30.0,24.9
2016-07-29,27.0,24.7
2016-07-30,29.6,24.8
2016-07-31,29.0,24.7
2016-08-01,29.2,25.1
2016-08-02,31.9,24.7
2016-08-03,32.9,25.7
2016-08-04,33.6,27.2
2016-08-05,33.7,27.3
2016-08-06,31.3,27.1
2016-08-07,33.0,26.0
2016-08-08,32.5,26.8
2016-08-09,30.5,25.9
2016-08-10,30.4,25.8
2016-08-11,30.4,25.2
2016-08-12,30.7,25.1
2016-08-13,31.8,25.3
2016-08-14,30.9,25.3
2016-08-15,33.1,25.9
2016-08-16,33.4,26.0
2016-08-17,29.8,26.4
2016-08-18,30.1,25.8
2016-08-19,32.3,25.9
2016-08-20,31.6,26.3
2016-08-21,30.6,25.4
2016-08-22,31.6,24.2
2016-08-23,31.0,25.8
2016-08-24,29.7,26.1
2016-08-25,32.3,25.5
2016-08-26,32.9,26.1
2016-08-27,32.5,25.0
2016-08-28,32.9,26.3
2016-08-29,31.7,25.5
2016-08-30,31.4,24.4
2016-08-31,30.0,25.0
2016-09-01,31.3,24.5
2016-09-02,31.7,25.1
2016-09-03,31.3,25.6
2016-09-04,32.0,24.7
2016-09-05,31.6,24.4
2016-09-06,31.6,25.3
2016-09-07,32.1,24.9
2016-09-08,32.1,25.2
2016-09-09,33.0,25.1
2016-09-10,33.1,25.5
2016-09-11,32.9,25.4
2016-09-12,32.5,25.5
2016-09-13,33.0,25.1
2016-09-14,31.9,24.2
2016-09-15,33.1,25.0
2016-09-16,33.6,25.2
2016-09-17,32.7,24.0
2016-09-18,33.0,24.5
2016-09-19,33.2,24.4
2016-09-20,34.6,25.3
2016-09-21,34.4,26.1
2016-09-22,30.2,23.9
2016-09-23,31.9,22.9
2016-09-24,31.8,24.5
2016-09-25,31.7,23.6
2016-09-26,32.5,24.3
2016-09-27,32.8,24.4
2016-09-28,33.7,24.2
2016-09-29,33.2,24.9
2016-09-30,33.5,24.4
2016-10-01,33.7,25.6
2016-10-02,33.8,26.3
2016-10-03,33.1,25.4
2016-10-04,33.0,25.5
2016-10-05,31.4,24.7
2016-10-06,31.8,24.3
2016-10-07,33.6,24.2
2016-10-08,33.9,23.1
2016-10-09,34.0,21.7
2016-10-10,32.6,22.7
2016-10-11,33.4,19.7
2016-10-12,33.7,19.3
2016-10-13,34.0,18.3
2016-10-14,33.3,17.3
2016-10-15,32.9,17.5
2016-10-16,33.1,17.9
2016-10-17,33.1,18.4
2016-10-18,32.6,17.2
2016-10-19,32.9,17.1
2016-10-20,33.6,18.7
2016-10-21,33.3,19.7
2016-10-22,33.6,19.8
2016-10-23,32.7,18.8
2016-10-24,32.6,18.4
2016-10-25,32.8,19.4
2016-10-26,32.7,17.3
2016-10-27,31.7,16.2
2016-10-28,30.9,16.7
2016-10-29,30.9,17.9
2016-10-30,30.2,16.4
2016-10-31,29.6,18.8
2016-11-01,29.3,15.8
2016-11-02,29.7,16.2
2016-11-03,29.7,15.5
2016-11-04,29.8,15.4
2016-11-05,29.5,15.7
2016-11-06,29.5,15.0
2016-11-07,29.5,15.6
2016-11-08,29.3,17.1
2016-11-09,29.5,15.1
2016-11-10,29.3,13.3
2016-11-11,28.9,13.7
2016-11-12,29.3,14.7
2016-11-13,28.5,15.6
2016-11-14,27.7,17.0
2016-11-15,27.2,16.9
2016-11-16,27.1,14.0
2016-11-17,27.5,14.0
2016-11-18,27.1,14.4
2016-11-19,26.9,13.1
2016-11-20,27.6,13.2
2016-11-21,28.7,13.0
2016-11-22,28.8,13.2
2016-11-23,28.1,14.8
2016-11-24,27.8,13.0
2016-11-25,28.7,15.3
2016-11-26,29.4,16.9
2016-11-27,29.2,15.7
2016-11-28,28.1,16.1
2016-11-29,26.5,11.2
2016-11-30,26.3,12.2
2016-12-01,26.0,14.2
2016-12-02,25.3,13.7
2016-12-03,25.6,11.5
2016-12-04,25.2,10.8
2016-12-05,25.3,11.3
2016-12-06,25.2,11.4
2016-12-07,24.7,11.0
2016-12-08,24.4,10.9
2016-12-09,25.2,11.4
2016-12-10,25.6,11.8
2016-12-11,25.7,12.7
2016-12-12,25.4,12.4
2016-12-13,24.4,12.2
2016-12-14,23.8,12.5
2016-12-15,23.3,10.9
2016-12-16,22.6,8.4
2016-12-17,22.3,9.1
2016-12-18,22.1,9.0
2016-12-19,23.1,8.7
2016-12-20,24.3,12.1
2016-12-21,24.9,11.7
2016-12-22,23.1,9.9
2016-12-23,23.8,10.3
2016-12-24,23.8,9.5
2016-12-25,21.6,11.9
2016-12-26,22.6,11.4
2016-12-27,22.9,9.7
2016-12-28,23.4,8.4
2016-12-29,23.0,9.6
2016-12-30,22.1,11.2
2016-12-31,21.5,10.6
2017-01-01,22.1,11.4
2017-01-02,21.8,10.8
2017-01-03,22.6,10.5
2017-01-04,23.1,10.4
2017-01-05,23.5,11.0
2017-01-06,23.1,12.5
2017-01-07,19.5,11.5
2017-01-08,18.5,10.7
2017-01-09,19.3,8.5
2017-01-10,16.8,6.5
2017-01-11,16.1,4.7
2017-01-12,17.0,4.3
2017-01-13,18.0,5.1
2017-01-14,18.6,4.5
2017-01-15,20.4,8.4
2017-01-16,19.7,10.6
2017-01-17,16.7,6.1
2017-01-18,19.2,5.3
2017-01-19,20.9,7.2
2017-01-20,19.4,6.6
2017-01-21,19.9,7.4
2017-01-22,23.0,9.8
2017-01-23,23.6,10.7
2017-01-24,25.0,10.5
2017-01-25,25.3,13.8
2017-01-26,19.1,13.8
2017-01-27,18.0,12.5
2017-01-28,19.8,10.2
2017-01-29,21.1,11.1
2017-01-30,20.9,10.2
2017-01-31,21.3,11.2
2017-02-01,20.7,9.9
2017-02-02,21.5,9.3
2017-02-03,22.3,9.4
2017-02-04,22.7,11.8
2017-02-05,21.9,14.7
2017-02-06,21.9,11.9
2017-02-07,20.1,9.8
2017-02-08,21.5,9.3
2017-02-09,20.8,9.6
2017-02-10,21.2,10.0
2017-02-11,21.5,8.1
2017-02-12,22.2,8.5
2017-02-13,23.1,10.0
2017-02-14,24.1,10.3
2017-02-15,25.2,11.2
2017-02-16,27.5,13.4
2017-02-17,27.3,15.1
2017-02-18,28.6,14.3
2017-02-19,28.7,15.2
2017-02-20,29.5,16.5
2017-02-21,25.5,14.8
2017-02-22,25.6,13.0
2017-02-23,24.8,11.5
2017-02-24,25.3,12.5
2017-02-25,26.9,13.2
2017-02-26,26.5,13.0
2017-02-27,27.5,12.3
2017-02-28,29.3,15.4
2017-03-01,28.1,18.5
2017-03-02,27.7,14.6
2017-03-03,26.5,13.6
2017-03-04,25.2,12.3
2017-03-05,26.8,12.1
2017-03-06,27.0,12.6
2017-03-07,27.6,13.6
2017-03-08,26.0,16.6
2017-03-09,26.0,14.2
2017-03-10,22.7,13.4
2017-03-11,21.8,12.1
2017-03-12,21.7,10.4
2017-03-13,22.9,10.4
2017-03-14,24.6,9.8
2017-03-15,27.0,11.4
2017-03-16,27.3,13.7
2017-03-17,26.5,13.9
2017-03-18,28.0,13.8
2017-03-19,29.5,16.0
2017-03-20,29.6,15.3
2017-03-21,32.2,16.1
2017-03-22,34.0,18.1
2017-03-23,34.7,17.9
2017-03-24,33.5,19.5
2017-03-25,32.8,17.7
2017-03-26,34.1,19.8
2017-03-27,36.1,21.8
2017-03-28,36.9,21.4
2017-03-29,37.5,22.8
2017-03-30,37.4,22.9
2017-03-31,37.4,23.0
2017-04-01,37.8,22.5
2017-04-02,37.1,22.3
2017-04-03,37.6,21.4
2017-04-04,36.6,21.3
2017-04-05,34.7,23.3
2017-04-06,36.5,21.1
2017-04-07,33.3,19.3
2017-04-08,32.9,17.5
2017-04-09,31.9,19.7
2017-04-10,33.4,19.0
2017-04-11,36.5,20.2
2017-04-12,38.5,21.5
2017-04-13,38.6,20.8
2017-04-14,39.2,23.7
2017-04-15,40.0,22.3
2017-04-16,39.8,23.3
2017-04-17,40.7,24.7
2017-04-18,41.5,23.7
2017-04-19,41.7,25.8
2017-04-20,41.6,24.4
2017-04-21,41.0,26.0
2017-04-22,40.6,27.2
2017-04-23,38.9,24.8
2017-04-24,37.1,24.2
2017-04-25,37.2,23.5
2017-04-26,37.6,22.4
2017-04-27,38.5,23.0
2017-04-28,38.4,22.8
2017-04-29,38.3,24.0
2017-04-30,37.2,23.5
2017-05-01,37.0,22.1
2017-05-02,38.5,24.9
2017-05-03,38.3,26.5
2017-05-04,38.6,25.9
2017-05-05,39.2,23.3
2017-05-06,40.8,24.8
2017-05-07,42.2,25.3
2017-05-08,42.2,26.1
2017-05-09,42.2,25.7
2017-05-10,39.9,27.0
2017-05-11,40.0,27.2
2017-05-12,40.5,26.5
2017-05-13,40.4,26.2
2017-05-14,42.7,26.9
2017-05-15,42.7,27.4
2017-05-16,40.7,27.4
2017-05-17,36.0,25.5
2017-05-18,38.6,25.8
2017-05-19,40.9,26.4
2017-05-20,40.0,26.0
2017-05-21,39.5,25.9
2017-05-22,37.8,24.4
2017-05-23,37.9,25.2
2017-05-24,39.7,26.0
2017-05-25,40.8,27.6
2017-05-26,42.7,27.9
2017-05-27,40.9,28.4
2017-05-28,38.1,28.0
2017-05-29,35.6,25.5
2017-05-30,35.4,24.7
2017-05-31,37.3,26.3
2017-06-01,37.9,26.9
2017-06-02,39.5,25.0
2017-06-03,42.1,27.3
2017-06-04,44.2,29.8
2017-06-05,43.0,34.1
2017-06-06,40.9,32.2
2017-06-07,36.6,27.0
2017-06-08,35.8,27.1
2017-06-09,36.8,26.5
2017-06-10,39.0,26.2
2017-06-11,38.2,25.9
2017-06-12,39.0,25.8
2017-06-13,41.0,27.1
2017-06-14,41.1,27.2
2017-06-15,39.2,27.5
2017-06-16,36.7,24.3
2017-06-17,37.1,24.8
2017-06-18,36.6,25.3
2017-06-19,35.7,27.0
2017-06-20,35.0,25.1
2017-06-21,33.1,24.1
2017-06-22,34.3,25.1
2017-06-23,33.2,25.5
2017-06-24,35.9,26.3
2017-06-25,36.9,29.3
2017-06-26,37.1,29.1
2017-06-27,36.8,28.2
2017-06-28,33.6,26.9
2017-06-29,31.2,25.8
2017-06-30,30.5,26.0
2017-07-01,31.2,26.5
2017-07-02,30.4,25.7
2017-07-03,33.0,26.1
2017-07-04,34.7,27.7
2017-07-05,34.6,27.7
2017-07-06,34.5,27.1
2017-07-07,34.6,25.8
2017-07-08,34.7,26.8
2017-07-09,36.5,28.4
2017-07-10,36.4,29.1
2017-07-11,34.8,27.6
2017-07-12,30.9,26.1
2017-07-13,32.5,26.1
2017-07-14,33.0,27.2
2017-07-15,32.6,27.2
2017-07-16,32.9,27.2
2017-07-17,33.3,27.6
2017-07-18,33.9,27.1
2017-07-19,35.3,27.8
2017-07-20,32.4,25.6
2017-07-21,32.8,27.9
2017-07-22,31.3,26.7
2017-07-23,32.3,25.7
2017-07-24,30.6,25.2
2017-07-25,31.4,25.3
2017-07-26,31.9,25.5
2017-07-27,32.9,26.4
2017-07-28,32.2,27.1
2017-07-29,31.8,26.7
2017-07-30,31.5,26.4
2017-07-31,31.1,25.8
2017-08-01,28.8,25.6
2017-08-02,31.7,26.2
2017-08-03,31.7,26.3
2017-08-04,32.1,26.8
2017-08-05,33.5,27.2
2017-08-06,32.7,27.6
2017-08-07,31.6,25.9
2017-08-08,32.6,26.0
2017-08-09,30.5,25.8
2017-08-10,32.7,25.8
2017-08-11,34.2,27.6
2017-08-12,33.3,27.7
2017-08-13,33.2,26.9
2017-08-14,33.3,26.6
2017-08-15,32.9,27.2
2017-08-16,34.7,27.3
2017-08-17,35.9,27.8
2017-08-18,35.7,27.6
2017-08-19,30.5,27.1
2017-08-20,33.3,26.2
2017-08-21,32.8,26.8
2017-08-22,32.3,26.7
2017-08-23,31.4,26.6
2017-08-24,32.3,25.7
2017-08-25,30.9,26.3
2017-08-26,31.9,25.4
2017-08-27,32.7,25.5
2017-08-28,29.1,26.0
2017-08-29,31.3,25.9
2017-08-30,30.9,26.5
2017-08-31,28.9,24.8
2017-09-01,30.3,25.0
2017-09-02,28.2,25.1
2017-09-03,31.5,24.5
2017-09-04,32.9,25.4
2017-09-05,32.3,25.4
2017-09-06,32.6,26.0
2017-09-07,31.1,24.2
2017-09-08,32.3,25.0
2017-09-09,33.0,24.8
2017-09-10,34.5,25.7
2017-09-11,34.7,26.1
2017-09-12,33.9,25.8
2017-09-13,34.1,26.0
2017-09-14,33.8,26.1
2017-09-15,34.3,25.1
2017-09-16,33.8,25.4
2017-09-17,33.5,25.9
2017-09-18,34.9,24.2
2017-09-19,33.9,24.9
2017-09-20,35.8,25.3
2017-09-21,33.8,25.2
2017-09-22,27.3,24.0
2017-09-23,26.5,22.9
2017-09-24,30.9,21.1
2017-09-25,33.2,22.6
2017-09-26,33.3,23.8
2017-09-27,34.2,23.7
2017-09-28,33.9,23.9
2017-09-29,33.6,24.2
2017-09-30,34.9,23.5
2017-10-01,35.6,21.9
2017-10-02,35.5,22.6
2017-10-03,34.7,21.8
2017-10-04,34.5,22.1
2017-10-05,34.5,22.6
2017-10-06,34.8,22.9
2017-10-07,34.0,21.0
2017-10-08,34.7,21.6
2017-10-09,35.1,22.5
2017-10-10,35.0,22.0
2017-10-11,34.7,22.4
2017-10-12,34.3,22.5
2017-10-13,34.6,22.3
2017-10-14,35.8,21.7
2017-10-15,35.4,21.2
2017-10-16,35.4,21.0
2017-10-17,33.7,19.9
2017-10-18,33.6,20.2
2017-10-19,34.6,20.7
2017-10-20,34.8,21.7
2017-10-21,34.9,20.5
2017-10-22,35.2,19.9
2017-10-23,33.6,19.3
2017-10-24,33.3,19.6
2017-10-25,32.1,18.0
2017-10-26,32.1,18.1
2017-10-27,31.0,18.0
2017-10-28,31.5,19.1
2017-10-29,30.9,17.6
2017-10-30,29.9,17.5
2017-10-31,30.3,18.0
2017-11-01,30.7,19.8
2017-11-02,30.5,18.4
2017-11-03,29.5,18.3
2017-11-04,29.4,17.9
2017-11-05,29.3,18.6
2017-11-06,29.4,18.0
2017-11-07,28.7,17.4
2017-11-08,29.3,16.4
2017-11-09,29.2,16.7
2017-11-10,28.9,16.0
2017-11-11,27.8,15.3
2017-11-12,27.6,15.0
2017-11-13,27.7,16.5
2017-11-14,27.6,16.0
2017-11-15,26.3,16.7
2017-11-16,25.8,15.6
2017-11-17,25.4,15.5
2017-11-18,25.5,16.5
2017-11-19,24.7,15.5
2017-11-20,22.9,12.1
2017-11-21,23.4,11.3
2017-11-22,24.2,10.9
2017-11-23,24.1,11.2
2017-11-24,24.8,10.3
2017-11-25,25.0,11.5
2017-11-26,25.0,10.2
2017-11-27,25.2,11.5
2017-11-28,25.7,10.9
2017-11-29,25.9,11.6
2017-11-30,25.4,11.7
2017-12-01,24.0,9.5
2017-12-02,23.9,11.2
2017-12-03,23.0,11.3
2017-12-04,22.8,9.5
2017-12-05,22.9,14.0
2017-12-06,21.0,14.2
2017-12-07,22.8,14.4
2017-12-08,24.0,11.3
2017-12-09,23.8,10.4
2017-12-10,24.0,10.6
2017-12-11,23.5,11.5
2017-12-12,20.9,13.5
2017-12-13,19.8,11.5
2017-12-14,20.5,9.7
2017-12-15,20.3,8.0
2017-12-16,19.6,7.7
2017-12-17,21.1,8.4
2017-12-18,23.6,10.2
2017-12-19,22.6,9.5
2017-12-20,21.9,10.6
2017-12-21,23.0,11.9
2017-12-22,23.4,11.2
2017-12-23,22.6,11.0
2017-12-24,22.4,10.1
2017-12-25,22.2,9.2
2017-12-26,22.4,9.0
2017-12-27,22.6,8.5
2017-12-28,22.7,8.6
2017-12-29,21.7,8.2
2017-12-30,21.2,8.2
2017-12-31,20.3,7.4
2018-01-01,20.2,6.9
2018-01-02,19.9,6.6
2018-01-03,19.9,7.0
2018-01-04,20.4,6.0
2018-01-05,20.4,6.7
2018-01-06,19.6,5.6
2018-01-07,18.9,6.2
2018-01-08,19.7,6.9
2018-01-09,19.9,5.9
2018-01-10,20.9,7.4
2018-01-11,21.3,8.4
2018-01-12,22.0,9.0
2018-01-13,21.7,6.6
2018-01-14,22.0,7.4
2018-01-15,21.9,7.3
2018-01-16,22.2,9.1
2018-01-17,21.4,7.9
2018-01-18,23.9,9.0
2018-01-19,23.5,9.8
2018-01-20,22.2,8.8
2018-01-21,21.5,7.2
2018-01-22,21.8,7.2
2018-01-23,16.2,10.8
2018-01-24,18.8,8.4
2018-01-25,19.6,8.7
2018-01-26,20.0,7.7
2018-01-27,20.0,7.3
2018-01-28,21.3,6.9
2018-01-29,22.0,7.6
2018-01-30,24.4,10.1
2018-01-31,24.3,12.9
2018-02-01,25.5,11.3
2018-02-02,24.5,11.1
2018-02-03,23.2,11.0
2018-02-04,22.1,8.7
2018-02-05,22.1,7.0
2018-02-06,22.2,11.7
2018-02-07,22.4,8.8
2018-02-08,22.1,6.9
2018-02-09,23.0,7.8
2018-02-10,23.9,8.8
2018-02-11,23.9,9.3
2018-02-12,21.9,12.9
2018-02-13,21.6,10.2
2018-02-14,21.8,10.1
2018-02-15,23.2,12.0
2018-02-16,24.6,11.8
2018-02-17,25.1,12.8
2018-02-18,25.1,12.0
2018-02-19,25.5,10.1
2018-02-20,26.9,11.9
2018-02-21,29.6,15.3
2018-02-22,30.0,14.2
2018-02-23,29.7,15.9
2018-02-24,28.7,17.1
2018-02-25,27.9,16.4
2018-02-26,27.0,15.4
2018-02-27,28.9,15.8
2018-02-28,29.4,15.2
2018-03-01,29.9,15.4
2018-03-02,30.8,17.1
2018-03-03,30.9,16.7
2018-03-04,28.2,17.2
2018-03-05,27.2,14.7
2018-03-06,27.6,14.5
2018-03-07,28.5,14.4
2018-03-08,29.6,16.2
2018-03-09,31.0,16.0
2018-03-10,31.2,16.6
2018-03-11,30.9,17.3
2018-03-12,32.2,16.6
2018-03-13,34.1,17.3
2018-03-14,32.7,20.4
2018-03-15,31.5,18.8
2018-03-16,29.8,16.6
2018-03-17,29.2,15.8
2018-03-18,30.9,16.5
2018-03-19,32.9,14.9
2018-03-20,33.0,16.2
2018-03-21,30.8,18.3
2018-03-22,29.7,17.2
2018-03-23,29.1,17.2
2018-03-24,31.2,17.5
2018-03-25,32.7,18.6
2018-03-26,34.0,18.9
2018-03-27,35.4,18.5
2018-03-28,35.6,20.7
2018-03-29,35.5,19.7
2018-03-30,34.4,20.8
2018-03-31,33.6,18.7
2018-04-01,33.2,20.9
2018-04-02,35.1,20.8
2018-04-03,36.1,22.3
2018-04-04,37.3,21.8
2018-04-05,36.7,22.0
2018-04-06,35.0,22.1
2018-04-07,33.6,21.0
2018-04-08,33.5,21.5
2018-04-09,33.4,22.0
2018-04-10,33.9,21.4
2018-04-11,32.0,21.6
2018-04-12,31.7,19.9
2018-04-13,33.1,19.1
2018-04-14,35.0,19.3
2018-04-15,36.6,20.9
2018-04-16,37.1,23.3
2018-04-17,36.8,22.5
2018-04-18,36.6,22.3
2018-04-19,37.4,23.4
2018-04-20,39.1,21.8
2018-04-21,34.1,19.6
2018-04-22,34.4,21.0
2018-04-23,35.7,21.0
2018-04-24,38.0,21.7
2018-04-25,40.4,23.0
2018-04-26,41.3,23.9
2018-04-27,38.7,25.8
2018-04-28,38.7,25.5
2018-04-29,38.7,23.5
2018-04-30,39.0,24.3
2018-05-01,37.6,24.5
2018-05-02,36.8,23.5
2018-05-03,34.9,23.5
2018-05-04,34.7,24.5
2018-05-05,37.1,24.4
2018-05-06,38.3,25.6
2018-05-07,37.3,23.6
2018-05-08,33.9,23.0
2018-05-09,35.5,20.9
2018-05-10,37.7,22.1
2018-05-11,40.2,24.4
2018-05-12,40.2,27.2
2018-05-13,36.7,25.0
2018-05-14,36.9,22.8
2018-05-15,37.6,24.8
2018-05-16,39.0,25.1
2018-05-17,40.5,25.5
2018-05-18,39.6,26.6
2018-05-19,39.3,25.7
2018-05-20,40.1,25.8
2018-05-21,40.9,26.2
2018-05-22,42.8,28.1
2018-05-23,42.2,28.4
2018-05-24,41.7,27.7
2018-05-25,42.2,26.0
2018-05-26,43.0,27.1
2018-05-27,43.1,27.0
2018-05-28,42.0,27.1
2018-05-29,41.8,27.6
2018-05-30,40.5,27.2
2018-05-31,41.6,27.3
2018-06-01,41.3,29.2
2018-06-02,39.4,27.1
2018-06-03,37.4,28.3
2018-06-04,40.6,29.7
2018-06-05,39.8,31.0
2018-06-06,38.4,29.2
2018-06-07,39.6,28.5
2018-06-08,40.0,30.9
2018-06-09,37.3,27.4
2018-06-10,36.2,26.5
2018-06-11,39.4,28.1
2018-06-12,42.0,28.7
2018-06-13,40.6,31.9
2018-06-14,40.4,31.3
2018-06-15,39.0,32.2
2018-06-16,39.4,31.3
2018-06-17,35.8,28.6
2018-06-18,36.0,26.9
2018-06-19,38.7,26.4
2018-06-20,40.2,29.0
2018-06-21,40.8,29.9
2018-06-22,41.8,32.0
2018-06-23,40.8,30.9
2018-06-24,40.6,30.7
2018-06-25,40.9,31.2
2018-06-26,36.3,29.4
2018-06-27,34.4,25.6
2018-06-28,33.5,25.7
2018-06-29,33.3,25.9
2018-06-30,33.1,26.7
2018-07-01,34.1,27.8
2018-07-02,35.1,25.5
2018-07-03,33.8,28.5
2018-07-04,32.6,27.2
2018-07-05,35.0,26.8
2018-07-06,35.0,27.0
2018-07-07,36.2,27.4
2018-07-08,37.4,28.0
2018-07-09,37.0,29.1
2018-07-10,37.2,28.9
2018-07-11,36.4,28.5
2018-07-12,33.6,26.2
2018-07-13,32.3,26.6
2018-07-14,31.9,25.8
2018-07-15,33.3,26.3
2018-07-16,32.2,27.3
2018-07-17,33.3,27.6
2018-07-18,33.4,28.4
2018-07-19,33.0,27.5
2018-07-20,32.6,27.3
2018-07-21,30.9,26.5
2018-07-22,29.7,25.5
2018-07-23,32.5,26.2
2018-07-24,33.0,27.0
2018-07-25,32.3,27.1
2018-07-26,29.5,25.8
2018-07-27,29.2,25.2
2018-07-28,31.8,25.0
2018-07-29,32.6,25.6
2018-07-30,33.4,26.5
2018-07-31,33.6,26.9
2018-08-01,34.3,26.2
2018-08-02,34.3,27.6
2018-08-03,34.5,27.9
2018-08-04,34.1,27.8
2018-08-05,32.9,27.1
2018-08-06,28.6,25.7
2018-08-07,29.2,25.2
2018-08-08,31.6,25.1
2018-08-09,32.7,26.5
2018-08-10,32.9,26.3
2018-08-11,33.7,26.1
2018-08-12,30.5,27.2
2018-08-13,32.6,26.7
2018-08-14,32.9,26.5
2018-08-15,33.2,26.3
2018-08-16,32.5,26.6
2018-08-17,32.0,27.0
2018-08-18,32.5,27.0
2018-08-19,31.3,26.9
2018-08-20,32.9,26.8
2018-08-21,33.2,26.1
2018-08-22,33.2,26.9
2018-08-23,31.9,26.3
2018-08-24,32.8,25.6
2018-08-25,32.9,26.4
2018-08-26,32.6,26.0
2018-08-27,30.7,26.0
2018-08-28,31.1,25.7
2018-08-29,30.9,25.9
2018-08-30,32.6,25.8
2018-08-31,33.9,26.5
2018-09-01,31.9,26.3
2018-09-02,29.5,24.6
2018-09-03,30.5,24.9
2018-09-04,29.0,25.3
2018-09-05,31.5,25.3
2018-09-06,31.7,25.4
2018-09-07,31.0,26.0
2018-09-08,31.3,25.3
2018-09-09,29.8,24.5
2018-09-10,31.4,24.3
2018-09-11,30.9,25.3
2018-09-12,32.8,26.0
2018-09-13,32.3,25.7
2018-09-14,31.7,24.4
2018-09-15,32.4,23.9
2018-09-16,32.5,23.5
2018-09-17,32.2,24.1
2018-09-18,33.2,23.0
2018-09-19,33.5,22.6
2018-09-20,33.4,22.8
2018-09-21,31.5,24.0
2018-09-22,28.2,22.7
2018-09-23,29.1,23.7
2018-09-24,26.6,23.3
2018-09-25,29.2,22.7
2018-09-26,30.8,22.2
2018-09-27,31.7,22.1
2018-09-28,32.3,22.7
2018-09-29,32.7,22.3
2018-09-30,31.9,22.3
2018-10-01,32.6,22.1
2018-10-02,33.4,21.8
2018-10-03,32.9,21.8
2018-10-04,32.7,22.1
2018-10-05,32.8,21.1
2018-10-06,32.3,20.4
2018-10-07,31.9,20.1
2018-10-08,32.5,20.1
2018-10-09,32.0,21.8
2018-10-10,31.8,22.0
2018-10-11,28.6,20.5
2018-10-12,30.0,18.4
2018-10-13,29.2,18.5
2018-10-14,30.3,17.1
2018-10-15,31.7,17.8
2018-10-16,30.9,19.0
2018-10-17,32.6,19.2
2018-10-18,31.5,19.3
2018-10-19,31.8,18.6
2018-10-20,31.4,18.5
2018-10-21,30.2,18.5
2018-10-22,29.8,16.2
2018-10-23,30.2,16.5
2018-10-24,30.2,17.7
2018-10-25,30.3,16.2
2018-10-26,30.3,16.7
2018-10-27,29.8,18.1
2018-10-28,30.0,16.3
2018-10-29,29.6,16.1
2018-10-30,29.3,18.3
2018-10-31,29.4,18.3
2018-11-01,29.1,18.2
2018-11-02,30.1,17.6
2018-11-03,28.4,19.9
2018-11-04,27.5,17.4
2018-11-05,25.6,15.1
2018-11-06,26.2,15.4
2018-11-07,26.2,12.7
2018-11-08,26.5,13.6
2018-11-09,26.8,12.9
2018-11-10,27.6,14.1
2018-11-11,28.1,14.5
2018-11-12,28.0,15.0
2018-11-13,28.2,17.2
2018-11-14,26.1,18.0
2018-11-15,26.8,16.4
2018-11-16,25.4,14.5
2018-11-17,25.2,14.1
2018-11-18,26.9,14.4
2018-11-19,26.7,16.9
2018-11-20,27.3,15.7
2018-11-21,26.8,14.7
2018-11-22,26.7,12.6
2018-11-23,26.4,12.9
2018-11-24,26.1,14.5
2018-11-25,25.3,12.1
2018-11-26,25.7,11.1
2018-11-27,25.4,11.9
2018-11-28,25.3,14.7
2018-11-29,25.6,13.6
2018-11-30,25.9,12.7
2018-12-01,24.9,12.3
2018-12-02,24.4,11.2
2018-12-03,24.0,10.4
2018-12-04,23.5,12.8
2018-12-05,23.0,10.0
2018-12-06,23.1,12.5
2018-12-07,23.0,10.8
2018-12-08,23.1,9.6
2018-12-09,22.6,11.2
2018-12-10,22.3,10.1
2018-12-11,21.7,9.5
2018-12-12,18.4,11.6
2018-12-13,19.7,10.3
2018-12-14,20.3,9.5
2018-12-15,20.9,8.8
2018-12-16,20.9,8.1
2018-12-17,20.8,7.5
2018-12-18,20.5,7.2
2018-12-19,20.4,6.9
2018-12-20,20.4,6.0
2018-12-21,20.1,6.3
2018-12-22,19.7,6.0
2018-12-23,19.9,6.2
2018-12-24,20.5,6.2
2018-12-25,19.7,6.2
2018-12-26,19.1,5.7
2018-12-27,18.9,5.3
2018-12-28,18.4,6.3
2018-12-29,19.3,5.1
2018-12-30,19.7,4.9
2018-12-31,20.8,5.5
2019-01-01,20.3,6.0
2019-01-02,21.2,7.7
2019-01-03,20.8,7.6
2019-01-04,18.9,7.2
2019-01-05,20.6,8.0
2019-01-06,18.3,9.3
2019-01-07,19.1,7.8
2019-01-08,18.4,7.6
2019-01-09,19.4,8.1
2019-01-10,19.5,6.2
2019-01-11,19.5,6.3
2019-01-12,19.9,8.6
2019-01-13,21.0,9.5
2019-01-14,18.2,8.1
2019-01-15,18.8,6.6
2019-01-16,19.0,6.6
2019-01-17,20.1,7.7
2019-01-18,20.4,5.8
2019-01-19,22.8,7.2
2019-01-20,24.9,11.9
2019-01-21,20.9,13.1
2019-01-22,19.6,11.8
2019-01-23,18.6,8.5
2019-01-24,19.7,9.8
2019-01-25,17.1,8.9
2019-01-26,17.3,7.1
2019-01-27,16.3,5.4
2019-01-28,17.2,6.1
2019-01-29,18.3,5.9
2019-01-30,18.6,6.3
2019-01-31,18.7,7.5
2019-02-01,19.4,10.9
2019-02-02,19.5,7.9
2019-02-03,20.0,7.7
2019-02-04,20.9,7.6
2019-02-05,22.1,9.8
2019-02-06,23.2,13.7
2019-02-07,20.2,12.2
2019-02-08,18.7,8.0
2019-02-09,18.9,8.2
2019-02-10,18.4,6.8
2019-02-11,19.4,7.7
2019-02-12,21.4,10.6
2019-02-13,23.6,10.4
2019-02-14,20.5,13.7
2019-02-15,20.8,12.8
2019-02-16,19.4,10.5
2019-02-17,20.8,10.7
2019-02-18,22.6,9.9
2019-02-19,22.2,12.5
2019-02-20,20.6,14.9
2019-02-21,25.5,14.2
2019-02-22,22.8,13.3
2019-02-23,21.6,10.6
2019-02-24,22.1,10.9
2019-02-25,22.4,10.1
2019-02-26,21.5,12.0
2019-02-27,17.7,9.9
2019-02-28,19.4,7.4
2019-03-01,21.2,7.3
2019-03-02,21.0,11.5
2019-03-03,21.7,11.2
2019-03-04,22.6,11.9
2019-03-05,22.0,11.8
2019-03-06,23.4,11.0
2019-03-07,24.0,10.4
2019-03-08,24.3,11.9
2019-03-09,25.3,12.7
2019-03-10,24.8,11.4
2019-03-11,26.5,14.6
2019-03-12,26.7,13.1
2019-03-13,23.3,13.3
2019-03-14,24.3,12.2
2019-03-15,25.2,11.9
2019-03-16,25.4,12.3
2019-03-17,26.7,13.0
2019-03-18,27.3,12.4
2019-03-19,29.6,14.0
2019-03-20,30.8,18.4
2019-03-21,30.4,15.3
2019-03-22,29.2,16.1
2019-03-23,30.1,15.8
2019-03-24,31.4,18.5
2019-03-25,28.5,17.4
2019-03-26,30.0,15.5
2019-03-27,31.2,15.4
2019-03-28,33.9,18.5
2019-03-29,35.9,19.1
2019-03-30,36.0,20.3
2019-03-31,34.5,19.5
2019-04-01,33.6,18.5
2019-04-02,33.6,18.5
2019-04-03,35.1,18.2
2019-04-04,36.5,18.9
2019-04-05,37.9,21.7
2019-04-06,37.8,21.4
2019-04-07,35.2,21.8
2019-04-08,35.4,21.4
2019-04-09,36.8,20.3
2019-04-10,37.6,21.7
2019-04-11,38.0,23.9
2019-04-12,37.4,22.6
2019-04-13,36.9,22.7
2019-04-14,37.7,24.0
2019-04-15,38.7,24.1
2019-04-16,31.2,22.5
2019-04-17,26.0,19.0
2019-04-18,28.0,16.5
2019-04-19,30.0,18.6
2019-04-20,32.9,19.7
2019-04-21,35.5,20.1
2019-04-22,37.4,21.9
2019-04-23,39.2,24.0
2019-04-24,40.3,25.4
2019-04-25,39.4,27.1
2019-04-26,40.1,25.3
2019-04-27,40.3,26.9
2019-04-28,40.9,26.3
2019-04-29,40.8,25.9
2019-04-30,41.7,25.6
2019-05-01,40.8,24.6
2019-05-02,37.8,26.8
2019-05-03,37.6,24.8
2019-05-04,38.1,24.2
2019-05-05,38.8,23.2
2019-05-06,40.2,23.6
2019-05-07,40.1,23.4
2019-05-08,41.7,26.1
2019-05-09,41.2,27.1
2019-05-10,40.4,29.6
2019-05-11,38.7,25.0
2019-05-12,38.6,25.0
2019-05-13,38.6,24.8
2019-05-14,35.7,24.4
2019-05-15,37.0,24.9
2019-05-16,36.8,25.0
2019-05-17,35.0,24.5
2019-05-18,33.5,21.4
2019-05-19,36.6,23.7
2019-05-20,38.8,24.1
2019-05-21,39.4,25.7
2019-05-22,39.3,27.2
2019-05-23,39.3,26.5
2019-05-24,35.4,26.5
2019-05-25,36.6,25.2
2019-05-26,38.3,24.8
2019-05-27,40.8,26.3
2019-05-28,40.8,26.1
2019-05-29,42.0,26.5
2019-05-30,43.5,27.2
2019-05-31,44.2,28.4
2019-06-01,43.7,29.0
2019-06-02,42.9,29.1
2019-06-03,41.5,30.0
2019-06-04,41.8,29.7
2019-06-05,41.6,28.7
2019-06-06,42.9,30.3
2019-06-07,41.5,27.1
2019-06-08,41.8,28.0
2019-06-09,43.6,28.2
2019-06-10,44.1,28.3
2019-06-11,43.8,29.8
2019-06-12,39.8,30.2
2019-06-13,41.2,29.3
2019-06-14,42.2,30.7
2019-06-15,42.5,29.8
2019-06-16,38.9,29.0
2019-06-17,38.9,28.8
2019-06-18,36.2,24.8
2019-06-19,36.7,26.1
2019-06-20,37.8,24.8
2019-06-21,39.0,27.8
2019-06-22,40.4,28.2
2019-06-23,38.9,29.2
2019-06-24,37.1,27.1
2019-06-25,36.3,27.9
2019-06-26,39.8,29.6
2019-06-27,40.4,29.0
2019-06-28,42.2,28.8
2019-06-29,41.7,30.7
2019-06-30,43.0,30.7
2019-07-01,41.6,30.1
2019-07-02,40.3,31.2
2019-07-03,36.8,30.4
2019-07-04,39.2,29.7
2019-07-05,35.0,28.0
2019-07-06,35.0,27.4
2019-07-07,35.9,26.8
2019-07-08,36.5,28.4
2019-07-09,35.1,27.1
2019-07-10,35.0,27.1
2019-07-11,38.5,29.2
2019-07-12,38.3,30.0
2019-07-13,38.6,29.8
2019-07-14,36.9,29.4
2019-07-15,36.9,25.8
2019-07-16,29.2,24.7
2019-07-17,30.9,24.8
2019-07-18,32.3,24.8
2019-07-19,33.4,25.4
2019-07-20,34.0,26.0
2019-07-21,33.2,27.3
2019-07-22,34.3,27.6
2019-07-23,35.6,28.1
2019-07-24,36.8,28.1
2019-07-25,30.0,26.1
2019-07-26,30.0,25.6
2019-07-27,30.2,25.3
2019-07-28,31.9,25.6
2019-07-29,33.1,26.2
2019-07-30,32.2,26.3
2019-07-31,31.9,27.1
2019-08-01,32.3,26.9
2019-08-02,31.6,26.2
2019-08-03,30.9,26.5
2019-08-04,32.7,26.3
2019-08-05,33.0,26.6
2019-08-06,31.1,26.1
2019-08-07,31.0,25.8
2019-08-08,33.9,27.3
2019-08-09,31.5,27.7
2019-08-10,32.3,26.1
2019-08-11,32.9,26.5
2019-08-12,32.3,27.0
2019-08-13,33.3,27.0
2019-08-14,31.7,25.6
2019-08-15,32.0,27.1
2019-08-16,31.0,26.2
2019-08-17,27.8,25.4
2019-08-18,30.8,24.5
2019-08-19,31.8,24.3
2019-08-20,32.8,25.3
2019-08-21,34.0,24.7
2019-08-22,32.2,25.6
2019-08-23,33.0,25.7
2019-08-24,33.7,26.3
2019-08-25,30.5,26.2
2019-08-26,32.4,25.7
2019-08-27,33.5,26.2
2019-08-28,34.1,27.0
2019-08-29,33.7,27.4
2019-08-30,33.6,26.6
2019-08-31,33.1,26.9
2019-09-01,31.7,26.5
2019-09-02,33.3,25.9
2019-09-03,33.6,26.8
2019-09-04,32.3,25.6
2019-09-05,32.7,26.7
2019-09-06,33.0,27.0
2019-09-07,32.1,26.6
2019-09-08,33.3,26.2
2019-09-09,34.3,25.8
2019-09-10,35.3,26.7
2019-09-11,35.8,26.6
2019-09-12,33.9,27.6
2019-09-13,33.7,26.5
2019-09-14,32.3,26.1
2019-09-15,31.7,25.6
2019-09-16,33.4,25.3
2019-09-17,32.2,26.1
2019-09-18,32.0,26.0
2019-09-19,30.4,24.8
2019-09-20,31.0,23.2
2019-09-21,31.7,24.7
2019-09-22,30.0,25.2
2019-09-23,31.2,23.6
2019-09-24,31.7,23.5
2019-09-25,31.2,24.2
2019-09-26,30.6,25.2
2019-09-27,30.4,24.4
2019-09-28,29.4,22.9
2019-09-29,27.4,23.2
2019-09-30,29.8,22.7
2019-10-01,28.8,22.4
2019-10-02,31.0,22.3
2019-10-03,32.5,23.0
2019-10-04,29.8,23.2
2019-10-05,32.0,22.0
2019-10-06,32.3,21.2
2019-10-07,31.6,22.2
2019-10-08,31.8,21.1
2019-10-09,30.1,20.4
2019-10-10,31.1,20.8
2019-10-11,32.2,20.6
2019-10-12,33.3,22.2
2019-10-13,33.5,23.0
2019-10-14,33.6,20.8
2019-10-15,33.4,21.3
2019-10-16,33.4,21.7
2019-10-17,32.2,22.2
2019-10-18,31.6,22.7
2019-10-19,30.9,21.2
2019-10-20,32.7,20.4
2019-10-21,31.9,19.0
2019-10-22,31.6,19.2
2019-10-23,31.7,17.8
2019-10-24,31.0,18.1
2019-10-25,30.0,19.8
2019-10-26,30.2,19.0
2019-10-27,31.6,18.6
2019-10-28,30.5,18.4
2019-10-29,29.5,19.6
2019-10-30,31.1,21.4
2019-10-31,31.0,18.4
2019-11-01,31.3,19.0
2019-11-02,30.5,19.9
2019-11-03,28.9,19.3
2019-11-04,29.1,19.2
2019-11-05,29.3,18.3
2019-11-06,29.9,17.0
2019-11-07,26.1,19.5
2019-11-08,26.9,17.3
2019-11-09,28.6,17.2
2019-11-10,27.6,15.6
2019-11-11,26.9,15.4
2019-11-12,27.5,12.9
2019-11-13,27.3,14.7
2019-11-14,27.7,17.4
2019-11-15,27.1,16.9
2019-11-16,28.7,17.0
2019-11-17,28.0,17.5
2019-11-18,25.9,15.4
2019-11-19,26.0,14.2
2019-11-20,26.0,13.1
2019-11-21,26.3,13.6
2019-11-22,27.1,14.4
2019-11-23,26.1,16.0
2019-11-24,26.1,16.1
2019-11-25,25.6,14.8
2019-11-26,25.1,16.2
2019-11-27,25.3,15.3
2019-11-28,22.8,16.3
2019-11-29,23.0,13.3
2019-11-30,22.3,13.4
2019-12-01,21.9,11.6
2019-12-02,22.0,11.2
2019-12-03,22.5,10.3
2019-12-04,21.9,9.6
2019-12-05,21.4,10.5
2019-12-06,21.9,10.2
2019-12-07,22.5,10.1
2019-12-08,22.6,10.2
2019-12-09,21.9,9.3
2019-12-10,21.5,8.6
2019-12-11,21.5,9.0
2019-12-12,18.5,13.6
2019-12-13,19.6,11.5
2019-12-14,17.8,9.9
2019-12-15,18.6,9.4
2019-12-16,18.4,9.2
2019-12-17,18.3,8.2
2019-12-18,18.1,8.0
2019-12-19,17.3,5.9
2019-12-20,18.1,8.6
2019-12-21,16.3,10.4
2019-12-22,18.6,8.3
2019-12-23,18.7,8.3
2019-12-24,15.4,5.9
2019-12-25,15.4,5.3
2019-12-26,15.0,4.4
2019-12-27,13.7,3.4
2019-12-28,13.2,3.1
2019-12-29,13.2,3.9
2019-12-30,12.9,3.4
2019-12-31,13.0,2.1
2020-01-01,17.8,3.0
2020-01-02,19.6,6.9
2020-01-03,19.1,8.4
2020-01-04,19.0,8.9
2020-01-05,19.9,8.0
2020-01-06,17.2,10.4
2020-01-07,17.9,11.2
2020-01-08,15.4,10.4
2020-01-09,16.1,7.2
2020-01-10,16.7,5.9
2020-01-11,17.0,5.6
2020-01-12,19.8,6.1
2020-01-13,20.7,9.3
2020-01-14,18.4,10.6
2020-01-15,18.7,7.5
2020-01-16,15.9,9.5
2020-01-17,18.0,10.3
2020-01-18,17.3,9.0
2020-01-19,17.7,7.9
2020-01-20,17.6,7.3
2020-01-21,18.3,9.4
2020-01-22,18.9,7.5
2020-01-23,17.9,8.6
2020-01-24,19.3,8.5
2020-01-25,18.3,5.4
2020-01-26,20.3,7.2
2020-01-27,20.1,8.7
2020-01-28,19.4,11.1
2020-01-29,18.6,10.4
2020-01-30,18.3,8.6
2020-01-31,17.6,7.5
2020-02-01,18.4,7.7
2020-02-02,18.2,6.9
2020-02-03,18.9,6.6
2020-02-04,19.7,7.3
2020-02-05,19.1,8.4
2020-02-06,17.6,7.0
2020-02-07,18.4,8.2
2020-02-08,19.2,7.1
2020-02-09,19.9,7.1
2020-02-10,20.2,7.5
2020-02-11,20.7,7.3
2020-02-12,23.9,9.2
2020-02-13,26.7,13.1
2020-02-14,24.1,13.9
2020-02-15,24.8,12.3
2020-02-16,25.1,11.1
2020-02-17,25.6,9.2
2020-02-18,25.5,10.4
2020-02-19,25.3,10.1
2020-02-20,26.4,15.1
2020-02-21,19.0,13.7
2020-02-22,21.6,14.0
2020-02-23,23.3,13.3
2020-02-24,23.6,12.4
2020-02-25,24.5,13.2
2020-02-26,25.1,12.8
2020-02-27,25.5,13.5
2020-02-28,25.7,16.1
2020-02-29,22.0,16.2
2020-03-01,25.0,15.2
2020-03-02,25.5,14.9
2020-03-03,26.1,13.7
2020-03-04,25.0,14.0
2020-03-05,24.6,14.6
2020-03-06,21.4,13.8
2020-03-07,20.5,12.9
2020-03-08,22.8,11.7
2020-03-09,23.7,11.9
2020-03-10,23.8,10.2
2020-03-11,24.0,15.0
2020-03-12,25.8,14.4
2020-03-13,24.8,13.8
2020-03-14,20.8,13.6
2020-03-15,21.4,11.3
2020-03-16,24.0,12.9
2020-03-17,25.7,13.6
2020-03-18,27.2,14.4
2020-03-19,27.5,15.3
2020-03-20,29.1,16.1
2020-03-21,28.5,15.3
2020-03-22,28.7,15.6
2020-03-23,29.3,16.3
2020-03-24,30.3,18.3
2020-03-25,30.4,17.9
2020-03-26,29.8,18.9
2020-03-27,25.3,19.3
2020-03-28,27.4,16.2
2020-03-29,28.3,16.5
2020-03-30,28.9,15.9
2020-03-31,30.2,16.2
2020-04-01,31.2,17.7
2020-04-02,29.6,17.9
2020-04-03,29.5,16.2
2020-04-04,31.1,15.6
2020-04-05,31.7,17.1
2020-04-06,33.5,18.5
2020-04-07,32.9,18.5
2020-04-08,31.6,18.8
2020-04-09,31.6,17.6
2020-04-10,34.1,18.1
2020-04-11,35.2,19.3
2020-04-12,35.0,20.9
2020-04-13,37.1,20.9
2020-04-14,38.0,22.9
2020-04-15,37.7,25.2
2020-04-16,37.9,23.2
2020-04-17,34.8,25.3
2020-04-18,35.6,23.6
2020-04-19,34.0,22.4
2020-04-20,34.0,21.7
2020-04-21,32.3,19.7
2020-04-22,34.2,20.1
2020-04-23,35.6,24.4
2020-04-24,35.5,21.8
2020-04-25,33.8,23.7
2020-04-26,31.9,23.5
2020-04-27,30.5,20.9
2020-04-28,32.4,21.7
2020-04-29,34.8,21.2
2020-04-30,36.2,24.2
2020-05-01,38.5,22.5
2020-05-02,36.7,24.4
2020-05-03,34.8,23.6
2020-05-04,33.0,21.1
2020-05-05,34.5,23.2
2020-05-06,35.3,21.8
2020-05-07,35.9,22.2
2020-05-08,38.2,23.2
2020-05-09,39.6,25.3
2020-05-10,36.4,24.6
2020-05-11,35.9,22.9
2020-05-12,35.6,23.2
2020-05-13,35.6,25.9
2020-05-14,36.9,24.2
2020-05-15,38.3,24.8
2020-05-16,38.2,24.7
2020-05-17,38.8,24.2
2020-05-18,38.8,23.9
2020-05-19,38.7,24.8
2020-05-20,37.8,23.4
2020-05-21,40.3,24.1
2020-05-22,42.2,25.4
2020-05-23,41.8,27.8
2020-05-24,42.4,27.8
2020-05-25,43.3,27.9
2020-05-26,44.3,29.7
2020-05-27,43.8,29.0
2020-05-28,38.3,28.7
2020-05-29,35.2,26.0
2020-05-30,32.8,23.6
2020-05-31,32.7,23.0
2020-06-01,33.4,21.7
2020-06-02,34.5,24.1
2020-06-03,35.9,24.3
2020-06-04,34.5,25.0
2020-06-05,34.5,24.9
2020-06-06,34.5,24.5
2020-06-07,36.3,26.8
2020-06-08,35.6,25.7
2020-06-09,38.0,26.8
2020-06-10,38.5,28.4
2020-06-11,37.7,27.8
2020-06-12,38.6,29.0
2020-06-13,38.6,29.7
2020-06-14,38.6,29.3
2020-06-15,40.2,29.3
2020-06-16,39.3,28.6
2020-06-17,40.0,29.1
2020-06-18,41.3,28.2
2020-06-19,40.4,30.1
2020-06-20,39.3,29.6
2020-06-21,38.7,28.8
2020-06-22,36.6,27.7
2020-06-23,35.2,28.5
2020-06-24,33.2,28.4
2020-06-25,37.2,26.8
2020-06-26,36.5,28.0
2020-06-27,38.4,29.6
2020-06-28,39.0,30.4
2020-06-29,39.8,29.8
2020-06-30,36.5,27.3
2020-07-01,38.3,28.7
2020-07-02,40.7,30.0
2020-07-03,41.3,31.1
2020-07-04,37.8,28.8
2020-07-05,34.7,25.0
2020-07-06,34.8,26.6
2020-07-07,33.0,27.2
2020-07-08,32.9,25.7
2020-07-09,33.7,26.9
2020-07-10,37.9,28.8
2020-07-11,36.5,26.1
2020-07-12,35.6,28.9
2020-07-13,36.3,27.4
2020-07-14,38.7,29.0
2020-07-15,36.5,28.1
2020-07-16,33.7,28.3
2020-07-17,35.0,28.3
2020-07-18,35.9,27.4
2020-07-19,34.7,27.2
2020-07-20,33.4,26.4
2020-07-21,32.5,25.2
2020-07-22,30.4,25.4
2020-07-23,32.9,24.5
2020-07-24,32.5,26.2
2020-07-25,32.4,25.9
2020-07-26,34.2,25.7
2020-07-27,34.4,27.9
2020-07-28,35.6,29.2
2020-07-29,34.0,27.9
2020-07-30,32.0,25.9
2020-07-31,33.2,25.5
2020-08-01,32.9,26.9
2020-08-02,35.3,27.6
2020-08-03,36.0,28.6
2020-08-04,37.0,27.4
2020-08-05,33.8,28.2
2020-08-06,34.9,27.7
2020-08-07,33.7,27.3
2020-08-08,34.6,27.5
2020-08-09,33.4,27.0
2020-08-10,31.2,26.6
2020-08-11,31.9,26.6
2020-08-12,33.9,26.4
2020-08-13,27.6,25.9
2020-08-14,31.0,25.7
2020-08-15,32.4,26.0
2020-08-16,32.0,26.1
2020-08-17,32.9,26.8
2020-08-18,32.4,27.7
2020-08-19,29.2,26.2
2020-08-20,29.2,24.6
2020-08-21,32.3,26.0
2020-08-22,32.7,26.2
2020-08-23,31.5,25.9
2020-08-24,30.7,25.6
2020-08-25,31.9,25.7
2020-08-26,32.3,26.2
2020-08-27,31.6,26.7
2020-08-28,33.1,26.1
2020-08-29,32.6,25.5
2020-08-30,30.5,26.4
2020-08-31,31.6,25.3
2020-09-01,32.5,25.3
2020-09-02,32.5,25.6
2020-09-03,31.6,26.3
2020-09-04,32.4,26.3
2020-09-05,33.2,25.9
2020-09-06,31.4,26.0
2020-09-07,32.2,26.0
2020-09-08,33.0,26.2
2020-09-09,34.2,26.0
2020-09-10,34.4,26.1
2020-09-11,35.0,26.0
2020-09-12,34.8,25.6
2020-09-13,33.7,26.0
2020-09-14,33.8,26.6
2020-09-15,35.3,26.2
2020-09-16,36.4,26.9
2020-09-17,36.7,27.3
2020-09-18,37.4,27.5
2020-09-19,36.3,27.0
2020-09-20,36.1,26.5
2020-09-21,35.7,25.3
2020-09-22,33.6,26.8
2020-09-23,32.8,26.2
2020-09-24,35.5,25.6
2020-09-25,36.7,25.9
2020-09-26,34.7,24.4
2020-09-27,34.8,24.3
2020-09-28,34.9,23.6
2020-09-29,34.6,22.5
2020-09-30,34.6,22.1
2020-10-01,35.3,22.2
2020-10-02,34.8,21.8
2020-10-03,33.8,21.2
2020-10-04,33.6,18.4
2020-10-05,34.1,20.2
2020-10-06,34.2,19.5
2020-10-07,34.6,20.3
2020-10-08,34.1,19.5
2020-10-09,33.6,19.6
2020-10-10,33.8,20.6
2020-10-11,33.8,20.6
2020-10-12,33.3,20.3
2020-10-13,34.1,21.5
2020-10-14,33.2,22.6
2020-10-15,33.6,21.9
2020-10-16,33.0,18.6
2020-10-17,33.3,21.5
2020-10-18,33.3,19.4
2020-10-19,32.5,19.4
2020-10-20,33.1,17.4
2020-10-21,33.5,17.3
2020-10-22,32.6,20.4
2020-10-23,32.6,17.8
2020-10-24,32.5,18.8
2020-10-25,33.0,18.3
2020-10-26,32.3,18.6
2020-10-27,30.9,16.9
2020-10-28,30.3,15.4
2020-10-29,30.3,16.8
2020-10-30,30.2,14.6
2020-10-31,30.2,15.2
2020-11-01,29.1,14.4
2020-11-02,29.5,13.8
2020-11-03,29.8,12.9
2020-11-04,29.1,13.9
2020-11-05,30.2,14.7
2020-11-06,30.4,13.5
2020-11-07,29.6,14.3
2020-11-08,29.3,12.7
2020-11-09,28.8,12.8
2020-11-10,27.8,15.4
2020-11-11,27.8,14.6
2020-11-12,27.4,14.0
2020-11-13,27.3,13.5
2020-11-14,28.0,14.3
2020-11-15,29.1,15.9
2020-11-16,25.2,16.3
2020-11-17,24.2,14.6
2020-11-18,23.9,13.6
2020-11-19,23.3,12.8
2020-11-20,23.7,11.4
2020-11-21,22.7,11.7
2020-11-22,22.7,10.1
2020-11-23,23.2,9.1
2020-11-24,23.1,9.9
2020-11-25,22.2,13.8
2020-11-26,22.6,13.6
2020-11-27,24.2,12.4
2020-11-28,23.9,11.3
2020-11-29,23.5,9.9
2020-11-30,24.1,10.1
2020-12-01,24.6,10.2
2020-12-02,25.7,11.1
2020-12-03,25.6,11.7
2020-12-04,26.9,11.5
2020-12-05,26.6,13.2
2020-12-06,26.8,13.7
2020-12-07,26.1,13.1
2020-12-08,25.7,11.8
2020-12-09,26.1,12.6
2020-12-10,26.4,13.2
2020-12-11,25.5,13.1
2020-12-12,23.0,14.8
2020-12-13,21.1,10.8
2020-12-14,19.9,8.5
2020-12-15,18.6,6.5
2020-12-16,18.9,6.9
2020-12-17,16.5,5.4
2020-12-18,18.0,6.0
2020-12-19,19.8,6.4
2020-12-20,21.0,7.2
2020-12-21,19.7,8.0
2020-12-22,21.1,8.0
2020-12-23,21.3,6.3
2020-12-24,21.9,6.9
2020-12-25,21.0,6.5
2020-12-26,20.2,6.7
2020-12-27,22.1,9.4
2020-12-28,17.9,6.9
2020-12-29,16.6,5.6
2020-12-30,16.7,5.2
2020-12-31,17.2,5.0
2021-01-01,18.2,3.6
2021-01-02,18.6,9.8
2021-01-03,21.1,12.4
2021-01-04,22.4,13.1
2021-01-05,21.9,14.1
2021-01-06,21.9,14.9
2021-01-07,19.6,11.2
2021-01-08,19.2,9.1
2021-01-09,20.1,11.2
2021-01-10,17.8,8.8
2021-01-11,18.0,7.4
2021-01-12,18.3,6.9
2021-01-13,18.7,6.1
2021-01-14,18.9,4.9
2021-01-15,19.6,8.1
2021-01-16,17.2,5.4
2021-01-17,19.1,6.8
2021-01-18,18.3,10.5
2021-01-19,21.1,10.2
2021-01-20,20.2,10.2
2021-01-21,20.6,9.4
2021-01-22,21.3,7.5
2021-01-23,21.1,9.0
2021-01-24,19.3,9.1
2021-01-25,18.4,6.6
2021-01-26,18.4,7.3
2021-01-27,18.9,6.7
2021-01-28,18.2,5.7
2021-01-29,18.8,6.1
2021-01-30,19.2,6.6
2021-01-31,20.6,5.4
2021-02-01,22.7,7.2
2021-02-02,23.6,7.7
2021-02-03,24.0,12.1
2021-02-04,21.7,10.7
2021-02-05,19.8,8.6
2021-02-06,20.2,8.9
2021-02-07,21.4,9.7
2021-02-08,22.5,8.7
2021-02-09,24.2,10.3
2021-02-10,25.4,11.9
2021-02-11,24.1,11.4
2021-02-12,24.7,11.3
2021-02-13,24.2,11.8
2021-02-14,25.7,12.4
2021-02-15,27.1,12.2
2021-02-16,27.0,12.3
2021-02-17,25.8,11.8
2021-02-18,25.7,11.6
2021-02-19,25.6,11.2
2021-02-20,26.0,11.9
2021-02-21,26.0,11.8
2021-02-22,27.5,12.8
2021-02-23,29.7,13.2
2021-02-24,30.2,13.7
2021-02-25,30.4,13.8
2021-02-26,31.0,15.6
2021-02-27,30.5,19.1
2021-02-28,30.0,17.0
2021-03-01,27.6,14.4
2021-03-02,27.7,14.8
2021-03-03,29.5,15.2
2021-03-04,31.5,15.3
2021-03-05,30.2,16.0
2021-03-06,30.7,15.4
2021-03-07,33.3,15.5
2021-03-08,31.2,19.3
2021-03-09,32.3,18.6
2021-03-10,31.1,18.5
2021-03-11,32.7,16.7
2021-03-12,30.6,18.1
2021-03-13,30.4,16.3
2021-03-14,30.2,16.5
2021-03-15,31.8,17.7
2021-03-16,32.4,17.4
2021-03-17,33.0,17.7
2021-03-18,33.2,17.6
2021-03-19,32.4,19.6
2021-03-20,32.7,17.7
2021-03-21,33.8,18.1
2021-03-22,33.4,19.0
2021-03-23,32.4,20.3
2021-03-24,31.3,17.0
2021-03-25,30.7,16.8
2021-03-26,31.0,16.3
2021-03-27,33.0,17.9
2021-03-28,35.5,18.7
2021-03-29,37.8,21.7
2021-03-30,36.8,23.4
2021-03-31,34.3,22.0
2021-04-01,33.8,19.2
2021-04-02,33.3,17.4
2021-04-03,33.9,17.0
2021-04-04,35.2,17.2
2021-04-05,38.1,19.6
2021-04-06,37.8,22.7
2021-04-07,35.7,21.6
2021-04-08,34.1,20.6
2021-04-09,35.4,18.7
2021-04-10,36.3,19.5
2021-04-11,37.4,20.3
2021-04-12,38.1,20.9
2021-04-13,38.0,22.1
2021-04-14,38.9,22.1
2021-04-15,38.9,23.1
2021-04-16,38.9,22.7
2021-04-17,34.3,19.8
2021-04-18,35.4,21.4
2021-04-19,37.2,21.5
2021-04-20,34.0,22.5
2021-04-21,32.0,19.1
2021-04-22,33.1,19.9
2021-04-23,34.4,22.6
2021-04-24,33.7,19.0
2021-04-25,36.8,21.2
2021-04-26,38.9,21.0
2021-04-27,41.1,23.5
2021-04-28,41.6,24.4
2021-04-29,40.8,25.6
2021-04-30,39.8,24.8
2021-05-01,39.5,25.0
2021-05-02,39.0,26.2
2021-05-03,37.1,25.4
2021-05-04,40.1,26.2
2021-05-05,38.7,26.2
2021-05-06,38.8,24.1
2021-05-07,36.3,21.8
2021-05-08,37.5,23.7
2021-05-09,38.0,25.3
2021-05-10,36.3,25.1
2021-05-11,38.5,25.2
2021-05-12,35.5,24.4
2021-05-13,31.8,22.4
2021-05-14,36.6,22.8
2021-05-15,35.8,24.8
2021-05-16,38.7,23.9
2021-05-17,37.4,26.7
2021-05-18,30.0,24.7
2021-05-19,24.4,20.9
2021-05-20,29.4,20.5
2021-05-21,31.7,20.9
2021-05-22,33.5,23.9
2021-05-23,34.0,22.9
2021-05-24,35.3,22.9
2021-05-25,37.2,25.0
2021-05-26,37.4,23.5
2021-05-27,37.8,23.1
2021-05-28,36.8,24.6
2021-05-29,37.2,26.3
2021-05-30,36.1,25.4
2021-05-31,36.9,26.4
2021-06-01,34.4,22.6
2021-06-02,34.9,23.6
2021-06-03,35.4,25.3
2021-06-04,36.1,25.3
2021-06-05,36.4,25.9
2021-06-06,37.6,26.0
2021-06-07,39.2,26.8
2021-06-08,41.0,29.1
2021-06-09,41.5,31.4
2021-06-10,38.2,29.9
2021-06-11,37.4,27.5
2021-06-12,37.9,28.8
2021-06-13,36.8,25.6
2021-06-14,36.6,26.3
2021-06-15,36.9,26.4
2021-06-16,35.4,25.7
2021-06-17,35.0,26.3
2021-06-18,33.8,25.9
2021-06-19,33.4,25.2
2021-06-20,33.4,25.3
2021-06-21,36.2,25.3
2021-06-22,39.3,28.5
2021-06-23,40.3,28.9
2021-06-24,38.6,28.3
2021-06-25,39.8,28.5
2021-06-26,37.9,26.7
2021-06-27,38.7,28.8
2021-06-28,40.0,28.7
2021-06-29,42.4,29.5
2021-06-30,43.4,30.3
2021-07-01,41.9,32.3
2021-07-02,41.3,31.3
2021-07-03,39.1,29.4
2021-07-04,40.4,28.7
2021-07-05,39.5,29.4
2021-07-06,40.0,29.7
2021-07-07,41.5,31.5
2021-07-08,40.4,32.4
2021-07-09,38.6,28.3
2021-07-10,38.2,29.8
2021-07-11,36.5,29.0
2021-07-12,34.1,28.1
2021-07-13,34.2,27.4
2021-07-14,33.6,27.5
2021-07-15,34.8,27.6
2021-07-16,34.8,27.6
2021-07-17,36.9,28.6
2021-07-18,34.5,27.4
2021-07-19,27.1,25.9
2021-07-20,30.7,25.9
2021-07-21,32.7,25.9
2021-07-22,30.6,25.8
2021-07-23,31.7,26.0
2021-07-24,34.0,26.9
2021-07-25,34.4,27.5
2021-07-26,30.8,28.0
2021-07-27,31.5,27.0
2021-07-28,29.1,26.2
2021-07-29,29.9,25.6
2021-07-30,30.4,25.7
2021-07-31,31.7,25.4
2021-08-01,32.2,26.7
2021-08-02,30.2,25.9
2021-08-03,32.0,26.3
2021-08-04,32.3,26.1
2021-08-05,33.0,25.9
2021-08-06,33.4,26.3
2021-08-07,31.8,27.3
2021-08-08,31.5,26.5
2021-08-09,30.8,26.3
2021-08-10,34.6,26.5
2021-08-11,34.8,27.9
2021-08-12,34.6,26.8
2021-08-13,35.2,27.1
2021-08-14,35.0,27.3
2021-08-15,34.9,26.9
2021-08-16,35.2,26.8
2021-08-17,35.5,27.0
2021-08-18,35.4,26.7
2021-08-19,34.3,27.4
2021-08-20,29.4,26.5
2021-08-21,29.1,25.0
2021-08-22,31.2,25.0
2021-08-23,31.7,26.0
2021-08-24,32.1,26.6
2021-08-25,34.4,28.0
2021-08-26,33.9,27.4
2021-08-27,34.1,25.9
2021-08-28,33.5,26.7
2021-08-29,32.4,26.0
2021-08-30,30.9,25.3
2021-08-31,31.1,24.8
2021-09-01,29.9,24.3
2021-09-02,31.8,24.7
2021-09-03,31.0,25.4
2021-09-04,30.7,25.0
2021-09-05,31.9,25.5
2021-09-06,32.3,26.2
2021-09-07,30.6,25.8
2021-09-08,30.8,26.2
2021-09-09,31.0,25.0
2021-09-10,30.2,25.0
2021-09-11,28.8,24.0
2021-09-12,29.3,24.6
2021-09-13,31.6,25.6
2021-09-14,31.3,25.8
2021-09-15,32.3,25.7
2021-09-16,32.8,25.3
2021-09-17,29.2,23.6
2021-09-18,30.9,24.3
2021-09-19,31.7,25.2
2021-09-20,32.2,25.0
2021-09-21,31.3,26.1
2021-09-22,29.9,24.6
2021-09-23,29.5,24.6
2021-09-24,30.8,24.7
2021-09-25,30.9,24.6
2021-09-26,30.6,24.2
2021-09-27,32.0,24.6
2021-09-28,32.1,25.7
2021-09-29,31.6,25.3
2021-09-30,31.6,25.4
2021-10-01,32.3,25.3
2021-10-02,33.1,25.7
2021-10-03,33.5,25.8
2021-10-04,32.9,25.9
2021-10-05,32.3,24.7
2021-10-06,32.5,25.6
2021-10-07,32.5,23.3
2021-10-08,33.3,23.4
2021-10-09,34.2,23.2
2021-10-10,35.0,22.2
2021-10-11,34.8,22.3
2021-10-12,34.6,22.8
2021-10-13,32.9,21.4
2021-10-14,32.1,19.7
2021-10-15,33.2,19.7
2021-10-16,33.6,21.0
2021-10-17,31.1,23.1
2021-10-18,23.8,21.0
2021-10-19,29.0,19.4
2021-10-20,30.9,20.1
2021-10-21,29.7,18.3
2021-10-22,30.4,20.3
2021-10-23,29.8,19.6
2021-10-24,27.4,19.1
2021-10-25,27.4,17.4
2021-10-26,26.8,16.9
2021-10-27,27.4,15.7
2021-10-28,27.5,15.5
2021-10-29,28.4,14.9
2021-10-30,28.5,15.9
2021-10-31,29.0,16.4
2021-11-01,29.0,16.3
2021-11-02,27.9,16.5
2021-11-03,28.7,15.7
2021-11-04,27.7,15.3
2021-11-05,27.5,14.9
2021-11-06,28.5,14.7
2021-11-07,28.5,15.7
2021-11-08,28.8,14.8
2021-11-09,28.3,15.4
2021-11-10,28.9,13.9
2021-11-11,28.4,13.6
2021-11-12,28.1,14.6
2021-11-13,27.1,12.7
2021-11-14,26.4,11.8
2021-11-15,25.9,12.4
2021-11-16,25.4,11.4
2021-11-17,24.8,11.0
2021-11-18,24.7,12.1
2021-11-19,24.9,11.9
2021-11-20,25.2,15.7
2021-11-21,26.0,13.6
2021-11-22,26.1,13.0
2021-11-23,25.7,12.4
2021-11-24,26.1,11.5
2021-11-25,25.2,12.1
2021-11-26,25.3,11.9
2021-11-27,25.3,13.1
2021-11-28,25.2,13.7
2021-11-29,25.0,11.5
2021-11-30,24.9,12.6
2021-12-01,22.0,13.6
2021-12-02,19.8,14.2
2021-12-03,22.7,12.9
2021-12-04,24.1,11.8
2021-12-05,24.4,13.5
2021-12-06,23.3,14.4
2021-12-07,22.9,12.7
2021-12-08,22.2,11.2
2021-12-09,22.1,9.4
2021-12-10,22.2,10.1
2021-12-11,21.8,9.6
2021-12-12,21.1,9.0
2021-12-13,19.4,8.3
2021-12-14,20.8,8.9
2021-12-15,20.7,9.3
2021-12-16,18.2,10.0
2021-12-17,18.0,8.1
2021-12-18,17.9,6.4
2021-12-19,17.6,6.2
2021-12-20,18.2,6.0
2021-12-21,19.6,5.3
2021-12-22,20.2,6.0
2021-12-23,21.2,8.5
2021-12-24,21.5,9.8
2021-12-25,21.2,10.7
2021-12-26,18.5,10.9
2021-12-27,19.8,10.8
2021-12-28,19.6,10.6
2021-12-29,19.2,8.5
2021-12-30,18.0,5.3
2021-12-31,17.9,5.1
2022-01-01,18.2,5.8
2022-01-02,18.9,6.9
2022-01-03,20.3,7.5
2022-01-04,22.1,8.2
2022-01-05,15.1,11.7
2022-01-06,18.7,12.1
2022-01-07,20.0,12.8
2022-01-08,17.2,14.2
2022-01-09,17.2,10.5
2022-01-10,17.0,8.1
2022-01-11,17.5,7.4
2022-01-12,17.2,7.7
2022-01-13,17.5,7.3
2022-01-14,16.7,6.3
2022-01-15,16.9,5.9
2022-01-16,15.9,6.0
2022-01-17,14.2,4.8
2022-01-18,16.2,5.5
2022-01-19,17.8,6.7
2022-01-20,17.8,9.4
2022-01-21,18.5,7.3
2022-01-22,16.2,12.0
2022-01-23,16.8,9.3
2022-01-24,16.3,7.2
2022-01-25,16.5,6.3
2022-01-26,16.9,6.4
2022-01-27,17.9,7.1
2022-01-28,18.0,7.2
2022-01-29,19.6,6.9
2022-01-30,20.4,9.0
2022-01-31,21.0,8.3
2022-02-01,20.9,8.8
2022-02-02,20.6,9.1
2022-02-03,15.2,10.4
2022-02-04,16.6,8.3
2022-02-05,16.8,5.8
2022-02-06,20.6,7.5
2022-02-07,22.4,8.4
2022-02-08,22.2,10.8
2022-02-09,18.7,10.4
2022-02-10,20.2,8.1
2022-02-11,20.3,10.0
2022-02-12,21.2,9.5
2022-02-13,22.5,8.5
2022-02-14,23.2,9.3
2022-02-15,23.3,11.1
2022-02-16,23.8,10.1
2022-02-17,24.3,10.7
2022-02-18,25.1,10.1
2022-02-19,24.1,10.5
2022-02-20,23.8,12.6
2022-02-21,24.6,11.3
2022-02-22,25.5,12.6
2022-02-23,23.9,14.3
2022-02-24,25.1,12.4
2022-02-25,25.1,12.7
2022-02-26,23.6,14.4
2022-02-27,23.5,12.4
2022-02-28,23.1,11.0
2022-03-01,24.5,10.8
2022-03-02,25.7,11.4
2022-03-03,27.0,13.1
2022-03-04,25.2,13.4
2022-03-05,25.8,13.2
2022-03-06,26.4,14.0
2022-03-07,28.1,14.3
2022-03-08,29.7,14.3
2022-03-09,30.2,15.5
2022-03-10,29.1,16.5
2022-03-11,29.0,15.9
2022-03-12,30.1,15.4
2022-03-13,31.6,17.0
2022-03-14,32.0,16.2
2022-03-15,33.5,18.9
2022-03-16,34.7,20.0
2022-03-17,33.3,20.2
2022-03-18,34.1,21.9
2022-03-19,34.7,20.5
2022-03-20,36.2,21.9
2022-03-21,36.0,20.2
2022-03-22,35.0,20.8
2022-03-23,35.4,19.0
2022-03-24,34.5,20.8
2022-03-25,34.6,19.5
2022-03-26,34.8,19.8
2022-03-27,36.3,20.2
2022-03-28,37.7,20.3
2022-03-29,38.5,19.2
2022-03-30,38.4,20.7
2022-03-31,38.8,21.4
2022-04-01,36.0,21.6
2022-04-02,37.5,20.0
2022-04-03,38.9,22.0
2022-04-04,38.0,21.9
2022-04-05,38.3,20.9
2022-04-06,38.8,21.0
2022-04-07,39.4,21.5
2022-04-08,40.9,23.1
2022-04-09,41.7,22.5
2022-04-10,41.1,24.3
2022-04-11,41.5,24.6
2022-04-12,39.9,26.1
2022-04-13,39.0,23.9
2022-04-14,39.4,25.3
2022-04-15,39.0,24.1
2022-04-16,39.6,23.2
2022-04-17,40.7,24.1
2022-04-18,41.4,24.2
2022-04-19,41.9,25.3
2022-04-20,40.9,27.3
2022-04-21,36.8,26.4
2022-04-22,38.4,22.7
2022-04-23,39.3,23.9
2022-04-24,39.8,24.4
2022-04-25,40.6,25.2
2022-04-26,40.7,25.2
2022-04-27,41.3,24.0
2022-04-28,43.1,26.2
2022-04-29,43.6,27.2
2022-04-30,43.4,28.4
2022-05-01,41.5,26.5
2022-05-02,41.0,26.2
2022-05-03,39.5,26.9
2022-05-04,39.3,26.2
2022-05-05,38.3,23.6
2022-05-06,39.4,25.8
2022-05-07,40.0,26.2
2022-05-08,41.3,25.6
2022-05-09,40.3,27.5
2022-05-10,39.8,28.3
2022-05-11,41.3,27.9
2022-05-12,42.8,28.8
2022-05-13,43.8,27.9
2022-05-14,44.4,27.7
2022-05-15,45.5,29.7
2022-05-16,42.1,31.6
2022-05-17,39.2,28.1
2022-05-18,42.4,27.7
2022-05-19,43.6,27.2
2022-05-20,45.3,28.3
2022-05-21,40.7,29.5
2022-05-22,40.1,25.9
2022-05-23,31.6,22.1
2022-05-24,33.2,21.6
2022-05-25,33.4,23.2
2022-05-26,35.6,23.9
2022-05-27,38.3,25.8
2022-05-28,39.8,27.1
2022-05-29,40.7,26.4
2022-05-30,40.8,27.7
2022-05-31,39.8,25.7
2022-06-01,40.6,25.5
2022-06-02,41.6,28.5
2022-06-03,42.6,27.3
2022-06-04,43.5,27.0
2022-06-05,43.0,28.9
2022-06-06,42.5,28.5
2022-06-07,43.4,29.7
2022-06-08,42.7,31.9
2022-06-09,43.0,30.8
2022-06-10,42.2,30.6
2022-06-11,43.4,31.3
2022-06-12,42.8,30.1
2022-06-13,43.2,31.8
2022-06-14,38.6,31.1
2022-06-15,42.0,29.5
2022-06-16,39.1,30.7
2022-06-17,36.6,23.9
2022-06-18,34.6,25.0
2022-06-19,32.1,23.8
2022-06-20,32.7,22.8
2022-06-21,32.2,24.4
2022-06-22,34.6,24.2
2022-06-23,36.8,26.4
2022-06-24,37.5,24.4
2022-06-25,38.4,25.0
2022-06-26,39.3,28.7
2022-06-27,38.8,30.4
2022-06-28,41.1,28.2
2022-06-29,42.0,29.4
2022-06-30,31.4,26.5
2022-07-01,32.1,24.9
2022-07-02,35.1,26.2
2022-07-03,34.5,25.5
2022-07-04,35.3,26.0
2022-07-05,36.5,27.1
2022-07-06,35.9,28.7
2022-07-07,35.6,27.5
2022-07-08,37.0,29.1
2022-07-09,34.2,28.7
2022-07-10,33.3,27.3
2022-07-11,35.1,27.0
2022-07-12,35.1,28.4
2022-07-13,35.5,27.9
2022-07-14,34.8,28.2
2022-07-15,36.5,29.0
2022-07-16,33.7,28.0
2022-07-17,34.3,25.8
2022-07-18,35.6,26.0
2022-07-19,35.4,27.5
2022-07-20,33.5,26.7
2022-07-21,30.8,24.7
2022-07-22,31.4,25.2
2022-07-23,31.0,25.1
2022-07-24,33.4,25.8
2022-07-25,32.6,25.9
2022-07-26,31.6,25.4
2022-07-27,32.2,25.4
2022-07-28,31.8,25.1
2022-07-29,30.3,24.8
2022-07-30,31.4,25.5
2022-07-31,33.0,25.6
2022-08-01,31.6,25.3
2022-08-02,33.5,25.9
2022-08-03,33.0,26.6
2022-08-04,31.6,26.5
2022-08-05,31.1,24.7
2022-08-06,32.5,25.7
2022-08-07,30.8,25.3
2022-08-08,33.4,24.9
2022-08-09,33.6,27.5
2022-08-10,34.6,27.7
2022-08-11,28.8,26.7
2022-08-12,33.8,25.3
2022-08-13,33.3,26.4
2022-08-14,32.8,26.3
2022-08-15,31.1,25.7
2022-08-16,30.4,25.5
2022-08-17,32.1,25.3
2022-08-18,33.5,25.6
2022-08-19,34.1,26.7
2022-08-20,30.7,24.7
2022-08-21,33.6,25.7
2022-08-22,33.0,25.9
2022-08-23,33.2,26.0
2022-08-24,32.4,25.9
2022-08-25,33.7,25.2
2022-08-26,34.9,26.6
2022-08-27,35.1,27.7
2022-08-28,35.6,27.6
2022-08-29,34.9,27.3
2022-08-30,36.9,26.4
2022-08-31,36.9,27.8
2022-09-01,36.9,27.9
2022-09-02,36.8,27.5
2022-09-03,37.8,27.6
2022-09-04,37.0,27.8
2022-09-05,36.3,27.1
2022-09-06,37.5,27.2
2022-09-07,37.4,27.3
2022-09-08,36.7,26.7
2022-09-09,35.1,27.8
2022-09-10,34.4,24.9
2022-09-11,33.7,24.6
2022-09-12,35.2,27.0
2022-09-13,34.4,25.3
2022-09-14,30.6,25.3
2022-09-15,30.2,24.3
2022-09-16,31.0,23.5
2022-09-17,33.6,23.7
2022-09-18,33.3,23.4
2022-09-19,33.6,24.8
2022-09-20,32.1,24.0
2022-09-21,31.6,24.6
2022-09-22,26.9,23.7
2022-09-23,28.2,23.6
2022-09-24,27.1,23.5
2022-09-25,30.9,23.7
2022-09-26,31.1,22.7
2022-09-27,31.5,22.7
2022-09-28,32.2,23.0
2022-09-29,31.8,22.9
2022-09-30,32.0,23.1
2022-10-01,32.7,23.3
2022-10-02,33.2,22.9
2022-10-03,33.3,23.2
2022-10-04,32.8,23.2
2022-10-05,31.8,23.0
2022-10-06,30.8,23.2
2022-10-07,26.3,23.1
2022-10-08,23.7,21.6
2022-10-09,26.0,21.1
2022-10-10,27.8,21.4
2022-10-11,26.7,21.0
2022-10-12,28.4,20.1
2022-10-13,29.1,19.1
2022-10-14,29.5,19.1
2022-10-15,29.7,18.8
2022-10-16,30.0,18.3
2022-10-17,30.4,18.4
2022-10-18,30.5,18.4
2022-10-19,30.2,18.8
2022-10-20,30.4,18.7
2022-10-21,30.0,17.3
2022-10-22,29.1,18.2
2022-10-23,28.6,16.1
2022-10-24,29.5,16.7
2022-10-25,29.3,16.3
2022-10-26,29.9,17.0
2022-10-27,30.1,17.0
2022-10-28,30.0,17.1
2022-10-29,29.4,17.4
2022-10-30,29.6,16.8
2022-10-31,29.3,16.3
2022-11-01,30.2,17.4
2022-11-02,29.3,17.8
2022-11-03,30.5,18.1
2022-11-04,30.7,20.8
2022-11-05,30.0,19.6
2022-11-06,29.4,19.1
2022-11-07,30.5,18.4
2022-11-08,28.7,17.8
2022-11-09,27.1,16.5
2022-11-10,25.9,17.3
2022-11-11,26.3,15.6
2022-11-12,26.3,15.5
2022-11-13,26.6,14.9
2022-11-14,27.6,15.2
2022-11-15,26.6,15.4
2022-11-16,25.2,15.9
2022-11-17,24.4,13.5
2022-11-18,24.3,12.3
2022-11-19,24.2,11.7
2022-11-20,25.1,11.7
2022-11-21,25.5,12.5
2022-11-22,25.1,12.7
2022-11-23,25.0,11.8
2022-11-24,25.0,12.2
2022-11-25,24.8,11.2
2022-11-26,24.9,11.7
2022-11-27,24.7,11.2
2022-11-28,24.4,10.1
2022-11-29,24.1,10.4
2022-11-30,23.9,11.6
2022-12-01,23.6,11.2
2022-12-02,23.5,11.1
2022-12-03,23.8,11.1
2022-12-04,23.6,11.4
2022-12-05,22.4,10.5
2022-12-06,22.7,11.1
2022-12-07,23.1,11.4
2022-12-08,22.9,11.0
2022-12-09,23.6,10.8
2022-12-10,25.1,10.6
2022-12-11,25.3,11.6
2022-12-12,24.7,11.6
2022-12-13,24.5,11.4
2022-12-14,22.2,11.3
2022-12-15,21.7,9.1
2022-12-16,21.3,8.7
2022-12-17,21.8,8.4
2022-12-18,21.6,8.4
2022-12-19,21.5,9.0
2022-12-20,20.9,8.7
2022-12-21,20.6,7.7
2022-12-22,20.4,8.6
2022-12-23,19.0,7.8
2022-12-24,19.0,8.6
2022-12-25,17.2,6.6
2022-12-26,18.5,6.4
2022-12-27,18.9,7.2
2022-12-28,19.7,7.9
2022-12-29,20.3,9.5
2022-12-30,20.8,11.2
2022-12-31,19.1,9.7
2023-01-01,18.4,8.0
2023-01-02,18.3,6.4
2023-01-03,16.7,6.1
2023-01-04,16.6,5.5
2023-01-05,15.5,5.5
2023-01-06,14.2,4.9
2023-01-07,15.4,3.9
2023-01-08,17.2,5.8
2023-01-09,17.5,5.8
2023-01-10,18.5,7.6
2023-01-11,19.8,7.7
2023-01-12,20.2,9.9
2023-01-13,18.7,10.7
2023-01-14,17.1,8.1
2023-01-15,15.4,5.6
2023-01-16,15.6,3.8
2023-01-17,16.5,3.7
2023-01-18,16.7,3.3
2023-01-19,18.5,6.5
2023-01-20,19.8,9.8
2023-01-21,20.6,7.1
2023-01-22,21.8,8.2
2023-01-23,22.9,8.5
2023-01-24,21.3,13.2
2023-01-25,21.2,12.0
2023-01-26,19.1,10.0
2023-01-27,18.7,7.6
2023-01-28,20.8,6.6
2023-01-29,16.5,8.4
2023-01-30,16.3,10.5
2023-01-31,20.6,9.8
2023-02-01,20.0,9.5
2023-02-02,21.6,9.5
2023-02-03,22.5,9.7
2023-02-04,22.8,10.4
2023-02-05,23.4,11.1
2023-02-06,25.2,10.5
2023-02-07,23.5,13.2
2023-02-08,22.7,10.3
2023-02-09,25.9,10.1
2023-02-10,25.6,13.0
2023-02-11,26.0,13.4
2023-02-12,22.0,10.7
2023-02-13,21.1,9.9
2023-02-14,23.6,11.1
2023-02-15,25.8,12.9
2023-02-16,26.3,11.6
2023-02-17,26.8,13.4
2023-02-18,26.5,12.6
2023-02-19,28.0,14.9
2023-02-20,30.8,15.4
2023-02-21,29.2,15.2
2023-02-22,28.5,13.6
2023-02-23,27.5,14.1
2023-02-24,28.0,13.1
2023-02-25,28.5,13.5
2023-02-26,29.6,14.5
2023-02-27,29.9,15.7
2023-02-28,29.4,14.4
2023-03-01,29.8,15.8
2023-03-02,30.1,15.3
2023-03-03,30.7,16.9
2023-03-04,29.9,17.6
2023-03-05,29.7,16.4
2023-03-06,28.8,16.0
2023-03-07,28.8,15.9
2023-03-08,28.3,14.9
2023-03-09,27.6,16.0
2023-03-10,29.3,15.6
2023-03-11,30.1,16.3
2023-03-12,32.0,17.2
2023-03-13,32.2,17.6
2023-03-14,31.7,17.3
2023-03-15,32.4,17.3
2023-03-16,32.0,19.1
2023-03-17,28.6,19.6
2023-03-18,26.9,16.8
2023-03-19,25.3,15.3
2023-03-20,23.8,16.2
2023-03-21,23.2,14.7
2023-03-22,26.4,14.1
2023-03-23,28.1,15.6
2023-03-24,27.6,17.4
2023-03-25,26.4,17.5
2023-03-26,27.7,16.6
2023-03-27,26.9,15.6
2023-03-28,28.3,15.3
2023-03-29,30.9,16.8
2023-03-30,30.9,17.6
2023-03-31,24.3,17.1
2023-04-01,25.8,15.2
2023-04-02,28.4,16.0
2023-04-03,31.4,16.5
2023-04-04,28.1,17.3
2023-04-05,30.3,16.4
2023-04-06,31.4,16.8
2023-04-07,31.4,17.5
2023-04-08,31.9,17.2
2023-04-09,33.2,18.1
2023-04-10,33.4,19.8
2023-04-11,36.0,19.5
2023-04-12,36.5,23.2
2023-04-13,37.3,22.3
2023-04-14,37.4,21.9
2023-04-15,39.2,22.1
2023-04-16,39.3,22.8
2023-04-17,39.2,24.5
2023-04-18,39.2,25.6
2023-04-19,37.4,25.2
2023-04-20,34.8,23.4
2023-04-21,35.3,22.5
2023-04-22,35.2,20.9
2023-04-23,34.0,21.0
2023-04-24,32.0,20.1
2023-04-25,33.3,20.7
2023-04-26,35.7,22.2
2023-04-27,35.9,23.7
2023-04-28,33.6,22.5
2023-04-29,33.4,21.9
2023-04-30,30.5,21.3
2023-05-01,27.9,19.9
2023-05-02,28.1,19.4
2023-05-03,28.3,20.0
2023-05-04,29.8,18.8
2023-05-05,30.9,20.7
2023-05-06,35.5,20.8
2023-05-07,36.2,22.1
2023-05-08,36.7,22.0
2023-05-09,37.2,21.5
2023-05-10,36.6,22.0
2023-05-11,39.0,22.2
2023-05-12,41.8,23.2
2023-05-13,41.6,25.2
2023-05-14,40.6,26.6
2023-05-15,40.6,25.3
2023-05-16,38.7,26.9
2023-05-17,41.0,26.1
2023-05-18,38.1,24.0
2023-05-19,38.0,26.0
2023-05-20,40.1,24.9
2023-05-21,42.5,25.5
2023-05-22,42.2,29.9
2023-05-23,43.7,30.1
2023-05-24,37.8,26.4
2023-05-25,34.0,23.5
2023-05-26,34.6,22.8
2023-05-27,33.9,21.1
2023-05-28,33.9,24.1
2023-05-29,34.2,22.6
2023-05-30,34.2,22.8
2023-05-31,31.0,21.7
2023-06-01,33.7,20.0
2023-06-02,33.1,22.1
2023-06-03,35.0,22.8
2023-06-04,36.3,24.0
2023-06-05,37.2,25.2
2023-06-06,38.9,24.2
2023-06-07,38.5,25.1
2023-06-08,39.4,25.2
2023-06-09,40.9,26.1
2023-06-10,40.5,26.6
2023-06-11,39.3,28.3
2023-06-12,41.1,29.1
2023-06-13,42.0,30.3
2023-06-14,40.6,30.8
2023-06-15,37.5,30.4
2023-06-16,38.8,27.5
2023-06-17,39.4,26.4
2023-06-18,38.8,28.5
2023-06-19,32.4,27.5
2023-06-20,36.6,26.2
2023-06-21,35.7,25.8
2023-06-22,36.2,27.2
2023-06-23,35.5,26.2
2023-06-24,34.6,27.8
2023-06-25,32.4,25.9
2023-06-26,32.9,25.2
2023-06-27,33.7,25.3
2023-06-28,34.1,26.1
2023-06-29,32.5,25.9
2023-06-30,34.0,25.4
2023-07-01,33.8,24.7
2023-07-02,35.4,26.0
2023-07-03,36.7,27.2
2023-07-04,36.8,26.2
2023-07-05,33.7,24.5
2023-07-06,33.2,25.4
2023-07-07,33.4,25.0
2023-07-08,29.7,26.2
2023-07-09,30.9,25.2
2023-07-10,31.1,25.9
2023-07-11,33.4,25.3
2023-07-12,33.6,25.8
2023-07-13,33.3,26.1
2023-07-14,33.9,25.8
2023-07-15,33.4,26.1
2023-07-16,33.0,25.3
2023-07-17,33.4,26.4
2023-07-18,31.8,25.5
2023-07-19,33.1,26.4
2023-07-20,35.3,27.0
2023-07-21,35.7,26.6
2023-07-22,34.4,27.3
2023-07-23,34.3,28.4
2023-07-24,34.2,27.5
2023-07-25,34.2,25.7
2023-07-26,29.8,25.7
2023-07-27,31.8,26.4
2023-07-28,33.0,26.4
2023-07-29,31.5,24.8
2023-07-30,33.2,25.1
2023-07-31,33.7,25.2
2023-08-01,34.7,27.0
2023-08-02,35.2,27.4
2023-08-03,34.2,26.6
2023-08-04,31.8,26.1
2023-08-05,33.8,26.4
2023-08-06,34.9,26.1
2023-08-07,34.3,27.3
2023-08-08,34.5,27.0
2023-08-09,34.6,27.5
2023-08-10,34.1,27.4
2023-08-11,34.7,27.3
2023-08-12,35.4,28.3
2023-08-13,35.7,27.7
2023-08-14,33.6,26.9
2023-08-15,34.8,25.9
2023-08-16,36.1,25.7
2023-08-17,36.1,27.9
2023-08-18,36.2,28.4
2023-08-19,34.2,26.3
2023-08-20,35.9,27.9
2023-08-21,36.4,28.1
2023-08-22,35.5,27.5
2023-08-23,30.0,25.7
2023-08-24,33.4,24.9
2023-08-25,34.0,25.8
2023-08-26,34.4,27.4
2023-08-27,34.9,27.2
2023-08-28,34.9,26.4
2023-08-29,35.1,25.9
2023-08-30,36.5,26.7
2023-08-31,36.5,25.8
2023-09-01,37.4,26.8
2023-09-02,37.3,27.4
2023-09-03,36.8,26.4
2023-09-04,37.4,25.7
2023-09-05,36.3,26.6
2023-09-06,36.3,24.4
2023-09-07,38.5,27.1
2023-09-08,36.7,25.6
2023-09-09,32.5,25.5
2023-09-10,30.1,24.3
2023-09-11,32.2,24.0
2023-09-12,33.5,24.5
2023-09-13,33.8,26.5
2023-09-14,34.2,26.8
2023-09-15,32.1,25.6
2023-09-16,31.6,26.5
2023-09-17,31.8,25.3
2023-09-18,31.8,24.8
2023-09-19,33.2,24.7
2023-09-20,33.2,25.6
2023-09-21,33.6,26.1
2023-09-22,33.4,25.4
2023-09-23,32.9,25.7
2023-09-24,32.9,25.4
2023-09-25,33.0,24.7
2023-09-26,33.0,25.0
2023-09-27,33.4,23.4
2023-09-28,33.2,20.7
2023-09-29,33.3,20.5
2023-09-30,34.9,22.9
2023-10-01,34.7,21.4
2023-10-02,33.9,20.3
2023-10-03,34.0,20.1
2023-10-04,34.0,19.0
2023-10-05,34.4,20.0
2023-10-06,35.4,20.0
2023-10-07,35.1,21.7
2023-10-08,35.4,24.2
2023-10-09,35.3,24.7
2023-10-10,33.6,24.5
2023-10-11,33.8,21.3
2023-10-12,33.3,19.0
2023-10-13,34.8,20.4
2023-10-14,35.1,21.7
2023-10-15,33.8,22.4
2023-10-16,29.1,19.9
2023-10-17,28.8,18.3
2023-10-18,29.1,17.2
2023-10-19,28.7,17.1
2023-10-20,29.2,17.1
2023-10-21,29.8,16.8
2023-10-22,30.5,17.2
2023-10-23,29.8,17.7
2023-10-24,30.6,17.8
2023-10-25,30.7,17.2
2023-10-26,30.6,17.0
2023-10-27,30.5,16.7
2023-10-28,30.1,18.7
2023-10-29,31.5,17.9
2023-10-30,31.8,17.7
2023-10-31,31.2,18.6
2023-11-01,30.6,18.9
2023-11-02,30.4,19.1
2023-11-03,28.6,17.9
2023-11-04,29.7,16.0
2023-11-05,29.7,16.9
2023-11-06,29.6,15.3
2023-11-07,30.2,16.4
2023-11-08,29.6,16.9
2023-11-09,29.3,17.0
2023-11-10,26.5,16.2
2023-11-11,25.4,15.0
2023-11-12,25.2,14.0
2023-11-13,25.7,13.3
2023-11-14,25.3,14.2
2023-11-15,25.8,13.2
2023-11-16,26.3,13.1
2023-11-17,26.9,14.4
2023-11-18,26.3,14.7
2023-11-19,25.8,14.0
2023-11-20,25.6,13.5
2023-11-21,25.3,13.6
2023-11-22,24.9,13.2
2023-11-23,24.9,11.4
2023-11-24,25.2,13.5
2023-11-25,25.4,12.5
2023-11-26,25.6,14.3
2023-11-27,24.1,15.8
2023-11-28,20.7,15.2
2023-11-29,24.5,13.5
2023-11-30,21.8,14.2
2023-12-01,24.3,13.9
2023-12-02,24.3,13.3
2023-12-03,24.6,12.3
2023-12-04,23.0,13.8
2023-12-05,23.3,11.6
2023-12-06,23.7,11.8
2023-12-07,24.2,11.7
2023-12-08,23.9,11.5
2023-12-09,23.5,10.8
2023-12-10,22.6,10.9
2023-12-11,22.4,9.2
2023-12-12,22.9,9.4
2023-12-13,22.9,10.5
2023-12-14,22.2,9.8
2023-12-15,22.2,7.6
2023-12-16,22.4,7.8
2023-12-17,22.7,9.6
2023-12-18,21.6,9.2
2023-12-19,21.6,8.7
2023-12-20,20.5,8.0
2023-12-21,21.7,8.2
2023-12-22,21.6,7.2
2023-12-23,22.2,11.2
2023-12-24,23.0,9.8
2023-12-25,23.0,10.8
2023-12-26,22.8,9.6
2023-12-27,21.8,8.6
2023-12-28,21.0,9.8
2023-12-29,20.3,8.4
2023-12-30,19.1,9.1
2023-12-31,18.8,7.7
2024-01-01,16.3,6.0
2024-01-02,15.4,4.7
2024-01-03,16.0,4.9
2024-01-04,18.0,5.3
2024-01-05,17.4,7.4
2024-01-06,17.0,6.4
2024-01-07,17.6,6.2
2024-01-08,18.5,5.6
2024-01-09,18.1,6.3
2024-01-10,15.9,4.7
2024-01-11,15.6,5.7
2024-01-12,17.5,5.7
2024-01-13,18.2,6.0
2024-01-14,18.1,4.9
2024-01-15,16.2,5.1
2024-01-16,17.6,4.0
2024-01-17,17.9,4.1
2024-01-18,17.6,6.1
2024-01-19,16.9,6.4
2024-01-20,16.2,5.2
2024-01-21,16.2,5.3
2024-01-22,17.0,5.1
2024-01-23,17.4,5.0
2024-01-24,18.3,6.5
2024-01-25,17.6,5.7
2024-01-26,18.6,6.1
2024-01-27,20.7,7.0
2024-01-28,20.4,7.1
2024-01-29,21.4,9.6
2024-01-30,20.6,10.1
2024-01-31,20.3,10.0
2024-02-01,21.3,12.3
2024-02-02,19.4,8.6
2024-02-03,20.8,8.3
2024-02-04,20.8,13.0
2024-02-05,19.9,10.4
2024-02-06,18.8,7.6
2024-02-07,18.5,8.0
2024-02-08,19.2,8.3
2024-02-09,20.6,8.2
2024-02-10,19.8,7.3
2024-02-11,21.6,8.2
2024-02-12,21.6,7.8
2024-02-13,21.3,8.6
2024-02-14,22.8,9.7
2024-02-15,23.7,9.8
2024-02-16,24.6,8.7
2024-02-17,24.7,9.8
2024-02-18,27.2,10.1
2024-02-19,26.9,14.8
2024-02-20,27.4,15.4
2024-02-21,26.0,12.3
2024-02-22,24.1,11.0
2024-02-23,22.9,8.6
2024-02-24,23.5,9.4
2024-02-25,25.1,10.6
2024-02-26,24.7,11.2
2024-02-27,24.6,14.2
2024-02-28,24.1,11.5
2024-02-29,26.4,12.1
2024-03-01,26.6,14.0
2024-03-02,24.8,17.4
2024-03-03,22.8,13.5
2024-03-04,21.8,11.2
2024-03-05,21.0,9.0
2024-03-06,21.2,9.3
2024-03-07,24.3,10.2
2024-03-08,25.5,11.4
2024-03-09,25.3,11.9
2024-03-10,26.7,12.1
2024-03-11,29.6,14.9
2024-03-12,29.2,14.0
2024-03-13,29.5,14.0
2024-03-14,29.3,14.2
2024-03-15,27.3,14.4
2024-03-16,27.7,12.8
2024-03-17,28.9,11.9
2024-03-18,28.6,13.1
2024-03-19,29.9,13.7
2024-03-20,32.1,14.3
2024-03-21,29.3,17.0
2024-03-22,32.5,17.9
2024-03-23,33.9,18.2
2024-03-24,31.1,18.7
2024-03-25,32.9,16.7
2024-03-26,33.7,18.6
2024-03-27,36.5,21.7
2024-03-28,37.1,22.0
2024-03-29,36.6,21.0
2024-03-30,35.3,22.9
2024-03-31,34.5,20.1
2024-04-01,31.4,18.8
2024-04-02,33.0,17.2
2024-04-03,36.0,21.9
2024-04-04,36.5,20.6
2024-04-05,35.7,21.3
2024-04-06,35.1,19.7
2024-04-07,35.5,17.6
2024-04-08,36.9,19.1
2024-04-09,37.9,20.0
2024-04-10,38.7,19.9
2024-04-11,38.1,22.3
2024-04-12,38.9,21.9
2024-04-13,38.6,25.4
2024-04-14,33.9,22.9
2024-04-15,36.4,22.4
2024-04-16,35.8,23.6
2024-04-17,35.4,22.3
2024-04-18,37.9,23.8
2024-04-19,38.4,24.7
2024-04-20,36.8,22.4
2024-04-21,36.7,23.7
2024-04-22,37.1,24.6
2024-04-23,38.1,22.7
2024-04-24,37.0,21.1
2024-04-25,38.4,21.6
2024-04-26,39.3,23.5
2024-04-27,38.0,26.1
2024-04-28,37.6,22.8
2024-04-29,38.2,23.7
2024-04-30,36.3,23.4
2024-05-01,32.8,20.6
2024-05-02,35.1,19.4
2024-05-03,38.2,20.8
2024-05-04,40.7,26.6
2024-05-05,41.0,25.1
2024-05-06,40.7,26.1
2024-05-07,41.5,26.3
2024-05-08,39.8,27.1
2024-05-09,39.7,26.3
2024-05-10,39.6,26.1
2024-05-11,38.9,26.1
2024-05-12,37.9,27.6
2024-05-13,40.4,27.3
2024-05-14,40.8,24.7
2024-05-15,42.4,25.5
2024-05-16,42.8,26.6
2024-05-17,44.1,28.2
2024-05-18,44.1,27.2
2024-05-19,45.0,27.8
2024-05-20,43.7,29.2
2024-05-21,42.7,29.2
2024-05-22,41.2,29.9
2024-05-23,41.2,30.6
2024-05-24,41.0,30.5
2024-05-25,44.5,30.7
2024-05-26,46.1,29.6
2024-05-27,45.8,30.3
2024-05-28,45.9,29.0
2024-05-29,45.8,31.2
2024-05-30,45.9,33.1
2024-05-31,46.0,28.6
2024-06-01,44.1,31.4
2024-06-02,41.5,30.6
2024-06-03,44.5,29.7
2024-06-04,43.2,31.0
2024-06-05,41.8,30.3
2024-06-06,40.9,28.3
2024-06-07,42.3,29.0
2024-06-08,40.3,28.4
2024-06-09,42.3,28.4
2024-06-10,43.1,28.0
2024-06-11,43.3,29.0
2024-06-12,44.2,28.9
2024-06-13,45.0,29.7
2024-06-14,43.5,32.9
2024-06-15,43.4,32.3
2024-06-16,44.2,32.9
2024-06-17,44.1,33.8
2024-06-18,44.3,34.6
2024-06-19,41.4,33.8
2024-06-20,39.4,25.6
2024-06-21,38.4,25.5
2024-06-22,38.6,30.0
2024-06-23,39.6,30.3
2024-06-24,39.6,31.1
2024-06-25,36.7,29.9
2024-06-26,34.4,26.9
2024-06-27,30.5,25.5
2024-06-28,30.7,25.7
2024-06-29,33.0,26.6
2024-06-30,34.9,26.9
2024-07-01,34.2,26.0
2024-07-02,33.7,26.5
2024-07-03,33.0,26.1
2024-07-04,31.7,25.6
2024-07-05,30.5,26.3
2024-07-06,33.1,26.1
2024-07-07,33.6,25.7
2024-07-08,33.3,25.4
2024-07-09,32.5,26.3
2024-07-10,34.2,26.6
2024-07-11,36.5,26.9
2024-07-12,35.4,27.1
2024-07-13,34.4,25.3
2024-07-14,35.0,27.1
2024-07-15,33.3,25.6
2024-07-16,34.4,25.7
2024-07-17,34.8,28.3
2024-07-18,34.8,27.8
2024-07-19,34.5,27.4
2024-07-20,35.2,27.2
2024-07-21,34.9,27.3
2024-07-22,34.7,27.9
2024-07-23,34.9,27.1
2024-07-24,33.8,26.5
2024-07-25,34.8,27.3
2024-07-26,33.1,27.5
2024-07-27,34.1,28.1
2024-07-28,35.2,28.7
2024-07-29,35.8,28.4
2024-07-30,36.5,29.1
2024-07-31,37.2,26.6
2024-08-01,31.3,25.6
2024-08-02,32.3,25.6
2024-08-03,32.5,26.1
2024-08-04,33.6,27.0
2024-08-05,32.7,26.5
2024-08-06,31.9,26.5
2024-08-07,30.2,25.6
2024-08-08,31.6,25.6
2024-08-09,31.9,25.4
2024-08-10,31.4,25.0
2024-08-11,31.0,25.7
2024-08-12,30.1,25.7
2024-08-13,30.9,25.3
2024-08-14,30.8,26.0
2024-08-15,32.3,26.0
2024-08-16,32.4,25.6
2024-08-17,32.0,25.8
2024-08-18,32.8,26.3
2024-08-19,32.8,26.3
2024-08-20,31.7,26.5
2024-08-21,32.1,25.2
2024-08-22,32.9,24.8
2024-08-23,30.8,25.0
2024-08-24,31.6,25.4
2024-08-25,32.3,25.0
2024-08-26,31.7,26.1
2024-08-27,31.3,24.4
2024-08-28,30.4,24.3
2024-08-29,31.0,24.5
2024-08-30,31.4,25.1
2024-08-31,33.4,25.7
2024-09-01,33.6,26.0
2024-09-02,31.6,25.2
2024-09-03,31.7,25.5
2024-09-04,30.9,24.5
2024-09-05,31.7,24.9
2024-09-06,30.7,24.3
2024-09-07,30.5,24.2
2024-09-08,31.4,24.5
2024-09-09,32.8,25.3
2024-09-10,30.8,25.0
2024-09-11,31.8,25.1
2024-09-12,27.3,24.0
2024-09-13,30.1,23.4
2024-09-14,30.0,22.7
2024-09-15,31.3,22.6
2024-09-16,32.2,23.8
2024-09-17,31.6,24.0
2024-09-18,27.8,22.9
2024-09-19,29.9,22.9
2024-09-20,31.2,24.1
2024-09-21,31.7,24.9
2024-09-22,33.2,25.4
2024-09-23,33.4,25.2
2024-09-24,33.7,25.3
2024-09-25,33.1,26.5
2024-09-26,31.5,25.4
2024-09-27,31.0,24.9
2024-09-28,30.6,23.2
2024-09-29,30.8,22.7
2024-09-30,32.8,23.6
2024-10-01,33.3,24.1
2024-10-02,34.7,24.8
2024-10-03,34.0,24.6
2024-10-04,33.6,23.9
2024-10-05,33.7,24.3
2024-10-06,33.7,23.8
2024-10-07,32.5,22.0
2024-10-08,32.6,22.3
2024-10-09,32.3,20.7
2024-10-10,32.4,21.1
2024-10-11,31.8,19.2
2024-10-12,32.1,19.2
2024-10-13,32.2,19.8
2024-10-14,31.9,20.6
2024-10-15,32.0,19.5
2024-10-16,32.5,19.7
2024-10-17,32.9,20.7
2024-10-18,33.5,20.2
2024-10-19,33.8,21.1
2024-10-20,33.1,20.3
2024-10-21,32.4,20.1
2024-10-22,31.6,20.2
2024-10-23,32.2,20.2
2024-10-24,32.7,20.3
2024-10-25,32.2,19.2
2024-10-26,31.7,19.1
2024-10-27,31.2,20.5
2024-10-28,31.5,21.1
2024-10-29,33.0,20.7
2024-10-30,34.4,21.4
2024-10-31,32.9,20.9
2024-11-01,32.1,19.4
2024-11-02,31.8,17.8
2024-11-03,31.4,18.3
2024-11-04,30.5,17.6
2024-11-05,29.5,18.2
2024-11-06,30.3,18.2
2024-11-07,30.2,19.1
2024-11-08,30.4,19.1
2024-11-09,30.7,19.8
2024-11-10,30.3,19.4
2024-11-11,29.9,18.6
2024-11-12,31.3,19.1
2024-11-13,30.1,18.9
2024-11-14,30.1,19.1
2024-11-15,29.1,18.8
2024-11-16,28.9,17.7
2024-11-17,28.6,18.1
2024-11-18,26.5,16.0
2024-11-19,26.0,14.3
2024-11-20,26.0,13.7
2024-11-21,25.9,13.7
2024-11-22,26.4,14.1
2024-11-23,27.6,14.2
2024-11-24,27.8,15.8
2024-11-25,26.0,15.2
2024-11-26,25.7,14.0
2024-11-27,26.1,13.7
2024-11-28,25.6,12.9
2024-11-29,24.7,12.6
2024-11-30,25.0,12.5
2024-12-01,24.9,14.1
2024-12-02,25.9,13.4
2024-12-03,26.6,13.6
2024-12-04,25.7,15.3
2024-12-05,23.7,12.1
2024-12-06,23.6,11.4
2024-12-07,23.2,9.8
2024-12-08,22.4,11.1
2024-12-09,20.3,10.5
2024-12-10,20.2,9.9
2024-12-11,20.3,8.3
2024-12-12,20.6,7.8
2024-12-13,20.7,9.3
2024-12-14,20.8,8.7
2024-12-15,21.2,7.4
2024-12-16,21.1,7.1
2024-12-17,20.7,7.8
2024-12-18,21.0,7.7
2024-12-19,20.9,8.1
2024-12-20,23.3,10.3
2024-12-21,22.2,9.3
2024-12-22,22.6,10.6
2024-12-23,17.7,11.7
2024-12-24,18.8,11.5
2024-12-25,20.7,10.9
2024-12-26,22.7,10.0
2024-12-27,17.2,13.9
2024-12-28,18.2,12.4
2024-12-29,18.4,10.7
2024-12-30,18.2,9.7
2024-12-31,16.2,7.6
